:020000040800F2
:100000000829002081030008B7690008255A000864
:10001000B5690008392B00088D8400080000000035
:10002000000000000000000000000000C102000805
:10003000152C0008000000001D030008597400087A
:100040009B0300089B0300089B0300089B03000818
:100050009B0300089B0300089B0300089B03000808
:100060009B0300089B0300089B0300089B030008F8
:100070009B0300089B0300089B0300089B030008E8
:100080009B030008000000009B0300089B0300087E
:100090009B0300089B0300089B0300089B030008C8
:1000A0009B0300089B0300089B0300089B030008B8
:1000B0009B0300089B0300089B0300089B030008A8
:1000C0009B0300089B0300089B0300089B03000898
:1000D0009B0300089B0300089B0300084D84000855
:1000E0009B0300089B0300089B0300089B03000878
:1000F0009B0300089B0300089B030008000000000E
:10010000000000009B030008000000009B030008A3
:100110009B030008000000009B0300089B030008ED
:100120009B0300089B0300089B0300089B03000837
:100130009B03000800000000000000009B03000873
:100140009B0300089B030008000000000000000063
:10015000000000000000000000000000000000009F
:100160000000000000000000000000009B030008E9
:100170009B030008000000000000000000000000D9
:10018000000000009B0300080000000000000000C9
:10019000000000000000000000000000000000005F
:1001A00000000000000000009B0300089B03000803
:1001B0009B0300089B0300089B030008000000004D
:1001C000000000009B030008000000000000000089
:1001D0009B0300089B03000800F002F800F060F8A1
:1001E0000AA090E8000C82448344AAF10107DA4592
:1001F00001D100F055F8AFF2090EBAE80F0013F084
:10020000010F18BFFB1A43F001031847FCB40000AC
:100210001CB50000103A24BF78C878C1FAD852073C
:1002200024BF30C830C144BF04680C607047000070
:100230000023002400250026103A28BF78C1FBD8EF
:10024000520728BF30C148BF0B60704766290AF0CB
:100250006F86642900F0A281752900F09F817329BF
:1002600000F05586002070471FB50AF05CFE9DE83F
:10027000030001F039FB00F0A5FE0400002000217E
:100280000AF0C4FD401C6060002000210AF0A8FDB7
:10029000E06000F0E7FF1FBD10B501F04CF810BDA5
:1002A00001F0AFF81146FFF7DFFF08F00BFE01F099
:1002B000ADFA03B4FFF7F0FF03BC01F087FC0000C8
:1002C0002C4B19680868B0E8F04F80F30988BFF339
:1002D0006F8F4FF0000080F311887047000000001E
:1002E00008480068006880F308884FF0000080F339
:1002F000148862B661B6BFF34F8FBFF36F8F00DF14
:1003000000BF00BF08ED00E0DFF80C00016841F419
:1003100070010160704700BF88ED00E0EFF30980D5
:10032000BFF36F8F134B1A681EF0100F08BF20ED3C
:10033000108A20E9F04F106009B44FF0500080F3AC
:100340001188BFF34F8FBFF36F8F09F011FE4FF08D
:10035000000080F3118809BC19680868B0E8F04F04
:100360001EF0100F08BFB0EC108A80F30988BFF3AD
:100370006F8F704718000020EFF305807047000072
:100380000948804709480047FEE7FEE7FEE7FEE729
:10039000FEE7FEE7FEE7FEE7FEE7FEE70448054965
:1003A000054A064B70470000E1740008D9010008B7
:1003B0000823002008290020082500200825002007
:1003C00053EA020C00F069802DE9F04B4FF0000673
:1003D000002B1FBFB3FA83F503FA05F424FA05F6E0
:1003E0005E4012BF1643B2FA82F502FA05F4C5F177
:1003F00020051EBF22FA05FC44EA0C04203556EA0B
:10040000044C4FEA144418BF641C4FF000084FF02E
:100410000009904271EB030C39D3002919BFB1FADE
:1004200081F701FA07F6B0FA80F700FA07F6C7F18C
:1004300020071EBF20FA07FC46EA0C062037B6FB51
:10044000F4FCA7EB0507103F07F01F0BCBF12006CC
:100450000CFA0BFB2CFA06F644BFB3460026202FFD
:10046000A4BF5E464FF0000B5BEA060C08BF4FF0DE
:10047000010B19EB0B09ABFB027C48EB0608C01B18
:1004800006FB02CC0BFB03CC71EB0C01C1E70B4666
:10049000024641464846BDE8F08B13B54FF00000D8
:1004A0004FF00001AFF30080BDE81C40704710B56D
:1004B0004C1084EA530404D54042C1F1000138BF16
:1004C000491E1B4204D55242C3F1000338BF5B1ED4
:1004D000FFF776FF14F0804F04D04042C1F10001D5
:1004E00038BF491E14F0004F04D05242C3F100033C
:1004F00038BF5B1E10BD00000FB4044910B503AA3D
:10050000029800F009FD10BC5DF814FBFC210020EE
:100510000FB47CB50C0009AA009001D02044401E05
:10052000084B7B4469460190089800F0BEFC0546E4
:100530001CB10020694600F0CBFC28467CBC5DF86D
:1005400014FB0000B509000070B50C460546012AF1
:1005500005D02878800600D5EA69002302E001234F
:1005600005E05B1C934202D2E05C0028F9D1A86947
:10057000E618C01AA861286A184428622846AFF312
:10058000008004E0D5E9012114F8010B9047B44242
:10059000F8D32846AFF3008070BD00002DE9F0418C
:1005A0000646002410687529314616A510D0AFF311
:1005B0000080002802DA404213A507E031688A076C
:1005C00001D512A502E0490704D511A5012401E0D7
:1005D000AFF3008000210A2206F1240709E0B0FBF6
:1005E000F2FCB0FBF2F302FB1C00303078541846EA
:1005F000491C0028F3D123462A463046BDE8F04185
:1006000000F0E5B9000000002D0000002B00000004
:10061000200000002DE9F05F894604464FF0000AF3
:10062000DFF874B1FB44C0F820A02046E168884799
:10063000002874D0252806D0D4E901219047206AEB
:10064000401C2062F1E700265F462046E1688847AB
:100650002028054607DB312D05D2781910F8200C2B
:1006600008B10643F1E7B00701D526F00406C4F847
:100670001CA00027C4F818A02A2D09D0284608F08D
:100680000DFC38B304EB8708303DC8F8185019E06A
:1006900059F8041B204604EB87029161E168884702
:1006A000012F054618D1E069002820DA26F020063F
:1006B0001DE0D8F8180000EB800005EB4000303852
:1006C000C8F818002046E1688847054608F0E6FBB0
:1006D0000028EED1012F0AD02E2D08D12046E16846
:1006E00088477F1C0546022F46F02006C4DBA06920
:1006F000002803DA404246F00106A061F00701D06D
:1007000026F010066C2D0BD0682D09D04C2D39D059
:100710006A2D35D0742D35D07A2D33D016E038E0DF
:10072000E1682F4620468847B842054609D16C2F1C
:1007300026D04FF48060E16806432046884705468E
:1007400004E06C2F1AD04FF4807006430DB3A5F16E
:100750004100192802D8203546F400664A46294649
:10076000204626604E46FFF771FD80B101280BD070
:10077000F61D26F0070000F1080956E74020E4E7DF
:100780008020D8E70020D6E706F104094DE7284687
:1007900052E7206ABDE8F09F10AD000070B5064634
:1007A00000F006F90468054630460A22002100F0F0
:1007B000C5FB2C6070BD30B505460B462A4613F8C4
:1007C000014B12F8010B08B1A042F8D01CB100286F
:1007D00002D06D1CF1E7284630BD10B5431C02E085
:1007E00010F8011B71B18107FAD14FF0013202C834
:1007F0008C1A8C4314EAC211F9D0C01A0A0603D02D
:10080000C01E10BDC01A10BD0A0401D0801E10BD4C
:100810000902FCD0401E10BD032A40F2308010F0C7
:10082000030C00F0158011F8013BBCF1020F62448B
:1008300098BF11F801CB00F8013B38BF11F8013B1C
:10084000A2F1040298BF00F801CB38BF00F8013BC9
:1008500011F0030300F02580083AC0F0088051F839
:10086000043B083A51F804CBA0E80810F5E7121D44
:100870005CBF51F8043B40F8043BAFF30080D20763
:1008800024BF11F8013B11F801CB48BF11F8012B2F
:1008900024BF00F8013B00F801CB48BF00F8012B52
:1008A000704710B5203AC0F00B80B1E81850203ADC
:1008B000A0E81850B1E81850A0E81850BFF4F5AF00
:1008C0005FEA027C24BFB1E81850A0E8185044BF8A
:1008D00018C918C0BDE810405FEA827C24BF51F8F7
:1008E000043B40F8043B08BF7047D20728BF31F8EB
:1008F000023B48BF11F8012B28BF20F8023B48BF3C
:1009000000F8012B704702F0FF0343EA032242EA9A
:10091000024200F002B84FF000020429C0F0128039
:1009200010F0030C00F01B80CCF1040CBCF1020FA2
:1009300018BF00F8012BA8BF20F8022BA1EB0C0177
:1009400000F00DB85FEAC17C24BF00F8012B00F86D
:10095000012B48BF00F8012B70474FF0000200B593
:10096000134694469646203922BFA0E80C50A0E8D2
:100970000C50B1F12001BFF4F7AF090728BFA0E880
:100980000C5048BF0CC05DF804EB890028BF40F84C
:10099000042B08BF704748BF20F8022B11F0804F8E
:1009A00018BF00F8012B7047704770477047000070
:1009B00000487047A422002010B5FFF7F9FF006837
:1009C00010BD10B50446FFF7F3FF046010BD2DE91C
:1009D000F0470D4699469246044600F12408016806
:1009E000880604D5E06921F01001216000E00120B3
:1009F000A84201DD471B00E00027A1697A1902EB3C
:100A00000900081AA0612078C00602D42046AFF37E
:100A10000080002608E0D4E901211AF8060090477A
:100A2000206A401C761C20624E45F4DB2078C0060C
:100A30000AD52046AFF3008006E0D4E9012130203A
:100A40009047206A401C2062381EA7F10107F4DCA1
:100A500007E0D4E9012118F805009047206A401CFE
:100A60002062281EA5F10105F3DC2046AFF30080CB
:100A70002078000602D50220BDE8F0870120FBE7C0
:100A800070472DE9FF4F0C461E464FF0FF378BB0E5
:100A9000D2E90001DDF860800A908A46C1F30A5568
:100AA00005B93D46002108464FF00000BAF1000F9D
:100AB00000F4400005DA00EB80004FF4400101EA49
:100AC00050004FEA9059B9F1010F00DDB9460A987C
:100AD00050EA4A000ED044F61050A5F2FF354543C7
:100AE0002F14B8F1000F1ED07542291E1EDDC9F16A
:100AF00000021CE0B8F1010F4FF0000001D03021DE
:100B000003E0F24305E02154401CB042FBDB3046D9
:100B10000022002121540B99C1F80880C1E900206E
:100B20000FB0BDE8F08FBD1B6D1CDEE74A4600DA52
:100B3000694206A800F020FB06AB93E8070003AB70
:100B400083E8070050460A9901F0D8F88DE80700BD
:100B5000A0F500501F3800900398002D0ADD42F2E6
:100B60001F014A460844002303A90390684601F088
:100B700041FB09E0A0F500504A461F38002303A9B5
:100B80000390684601F04BFB8DE807000004000C61
:100B900003D04FF0FF30410800E01046B8F1000FDD
:100BA00003D00022009215461EE0751E05D400F009
:100BB0000DFA303262556D1EF9D5B3460122084355
:100BC00002D000227F1C04E02078302801D10022CE
:100BD0007F1E002A099784D01DE0112D07DA00F04E
:100BE000F5F9303262556D1C50EA0102F5D1084327
:100BF00002D00098C8B10EE00021681E05E0235C19
:100C0000625C63542254401E491C8142F7DBAB46B0
:100C1000A81B401E0990002004F80B000B98099AAD
:100C2000C0F80880C0E9002B7AE711264FF00008D1
:100C300057E72DE9F04F88460446D21D22F0070100
:100C400091B0D1E90001CDE90A0107F020FC02468C
:100C50000B98C00F01D02D2007E02068810701D537
:100C60002B2002E0202101EAC000032A099001D0D4
:100C7000072A05DB03464146204600F0EDF90BE16B
:100C80002078800601D5E06900E00620B8F1650F04
:100C9000814606D0B8F1660F18D0B8F1670F70D151
:100CA00031E00020B9F1110F009001DB112301E0C8
:100CB00009F101030AAA01A90CA8FFF7E2FEDDE988
:100CC0000C70002609F10105834647E001204B46E0
:100CD00000904FF000470AAA01A90CA8FFF7D1FE27
:100CE000DDE90DB00C995D46002610B909F101004F
:100CF0000D18B9EB050003D4C0F1FF3609F1010569
:100D0000A5EB09002BE0B9F1010F01DA4FF0010961
:100D10000020B9F1110F0090484601DD112300E0D9
:100D200003460AAA01A90CA8FFF7ABFEDDE90C7087
:100D30004D4600268346207800070AD4AB4500DAEA
:100D40005D4601A8012D04DD411911F8011C30296F
:100D500007D04F4502DA17F1040F04DA012082466A
:100D60000FE06D1EEEE7002F02DCED1B3E4403E0BA
:100D7000781CA84200DD7D1CB81B00F1010A4FF071
:100D800000472078000703D4AA4501DB4FF0FF3A63
:100D90000021B7F1004F0DF143088DF8431024D026
:100DA00002202B23002F01DA7F422D230A21021E6D
:100DB000A0F1010000DC5FB197FBF1FC97FBF1F2C1
:100DC00001FB1C7C17460CF1300C08F801CDEEE756
:100DD000A8F1010003702188090501D5452100E033
:100DE0006521A0F1010800F8011C09980FA9A1EBE9
:100DF0000807FF1D00B10120411901EBEA70A1694C
:100E00003844081A401EA0612078C00602D420464B
:100E1000AFF30080099828B1D4E901219047206AF6
:100E2000401C20622078C00622D52046AFF3008007
:100E30001EE0002E04DBB34502DD01A8805D00E06A
:100E40003020D4E901219047206A401C2062761CA2
:100E5000AAF101005FEA000A0AD100F0B3F8C06805
:100E60000168405CD4E901219047206A401C20625F
:100E7000281EA5F10105DCDC07E0D4E9012118F802
:100E8000010B9047206A401C2062381EA7F1010721
:100E9000F3DC2046AFF30080032011B041E60000F0
:100EA00001694A1C02610878704700B58FB0CDE92E
:100EB00001310021059105497944CDE9031011461E
:100EC0006846FFF7A7FB0FB000BD0000E5FFFFFF7E
:100ED0000A6802F8010B0A607047D1E900239A42C0
:100EE00002D2531C0B601070704710B5436913B1E8
:100EF000AFF3008001E0FFF727FB012010BD12785F
:100F000000F124010A7000224A700122EDE7116805
:100F10004FF0FF32E9E70000074B70B50D467B4408
:100F2000FFF7C3FF0446284600F098F910B14FF0D0
:100F3000FF3070BD204670BD897F00002DE9F0476D
:100F400091460F4680460446002614F8015B2DB1F9
:100F500000F030F80068405DC007F6D12B2D02D0BC
:100F60002D2D18D0641E4A463946204600F0B4F8AC
:100F700027B13968A14201D1C7F800804FF00204BF
:100F800071050BD54042002803DDFFF711FD046019
:100F9000A007BDE8F08746F48066E4E70028F8DAA9
:100FA000FFF706FD04606FF00040F2E7004870476D
:100FB000A422002010B500F005F8001D10BD00BFF0
:100FC0004D9E000000487047C422002030B5B0F1AB
:100FD0000A024FEA900E71F100034EEA817EB0EBF7
:100FE0000E0061EB91014FEA101E4EEA017E10EBFC
:100FF0000E0041EB11114FEA102E4EEA016E10EB7C
:101000000E0041EB11214FEA104E4EEA014E10EB5B
:101010000E0041EB1141401841F100014FEAD000B0
:1010200040EA41704FEAD10110EB80054FEA81049C
:1010300044EA907444EB01046D1944EB0404521B20
:10104000A3414FF0000348BF0A3200D530BD401C19
:1010500041F1000130BD00002DE9F0411F4604467A
:1010600003260168072A01F4006004DB08B116A515
:1010700005E016A503E008B115A500E015A521F0CF
:1010800010002060A069C01EA0610FB1401EA061C9
:101090002046AFF300804FB1D4E901213846904794
:1010A000206A401C2062C01C206206E0206AFAE729
:1010B000D4E9012115F8010B9047761EF8D220469D
:1010C000AFF30080BDE8F0814E414E006E616E00CE
:1010D000494E4600696E66002DE9F05F824615466E
:1010E0008B4600270AF10104B9460078302801D068
:1010F0009DB113E014F8010B0127782803D058287C
:1011000001D045B10AE00DB1102D07D1002714F828
:10111000010B102502E0082500E00A250026B04654
:101120000EE005FB080005FB06F101271FFA80F819
:1011300001EB1046B6F5803F00D3B94614F8010B19
:10114000294600F0AAF90028EBDABBF1000F05D020
:101150000FB1641E00E05446CBF80040B9F1000F17
:1011600006D0FFF725FC02210160C81EBDE8F09FF4
:1011700048EA0640FAE700002DE9F04781461646A6
:101180008AB0354878440DC88DE80D00324878445F
:10119000801C03AC0DC884E80D0041F69B30084468
:1011A000372190FBF1F290FBF1F5A5F1800501FBF1
:1011B00012041B3C02D56442012000E00020DFF84D
:1011C00098A080460027FA44AAF1BE0A0EE0E00784
:1011D0000AD03246684607EB470101230AEB81013A
:1011E00001F01DF88DE8070064107F1C002CEED183
:1011F000194F7F44AE3F19E0E80715D007EB041004
:101200000DF1180A90E80E008AE80E00C068F0425E
:1012100001D1981908903246012306A903A800F0CD
:10122000FEFF03AB83E807006D10641C002DE3D1C3
:101230004FF0010332466946B8F1000F03A802D00F
:1012400000F0D8FF01E000F0EAFFC9E90001C9F8A9
:1012500008200AB0BDE8F08780A30000007B00F002
:101260008000704710B542485421FFF776FB414893
:101270005421FFF772FB40485421FFF76EFB3F49B2
:101280003B483C4A3F4B08603D490A603A49196077
:10129000531C0365481C1065012008653B48344A0F
:1012A00039A1784400F016FA20B9384878440A3851
:1012B00000F0B5FA37482F4A35A1784400F00AFA11
:1012C00020B9344878440A3800F0A9FA32482A4A4A
:1012D0002FA1784400F0FEF920B92F4878440A384D
:1012E00000F09DFA40232248DC000021224600F055
:1012F000CDF920B125487844543800F090FA1D48C3
:1013000022464023002100F0C1F920B12148784451
:10131000543800F084FA184822461023002100F0C7
:10132000B5F9002806D01C487844BDE8104056386E
:1013300000F075BA10BD104870B5006D20F00104C2
:101340000B4800F03DFA0B4800F03AFA0A4800F06A
:1013500037FA09E0206D20F00105204600F030FA50
:10136000204600F073F82C46002CF3D170BD00002D
:10137000A8210020FC21002050220020EC000020A9
:10138000F0000020F4000020720000007AA20000AB
:101390007700000066A2000052A200000EB5CDE961
:1013A0000001FFF71AFA029069460120ABBE0EBD9C
:1013B00008B5694600900220ABBE08BD1FB58DE898
:1013C000070069460520ABBE04B010BD1FB58DE80F
:1013D0000F0069460620ABBEF6E708B569460090E7
:1013E0000920ABBE08BD1CB5CDE9000169460A2045
:1013F000ABBE1CBD704708B5694600900C20ABBE63
:1014000008BD7546FFF7D2FDAE4605006946534656
:1014100020F00700854618B020B5FEF7BFFFBDE8F5
:1014200020404FF000064FF000074FF000084FF04B
:10143000000B21F00701AC46ACE8C009ACE8C009DC
:10144000ACE8C009ACE8C0098D46704770B50446E9
:10145000051F00F02DFA0068002C14BF446870BD11
:10146000002C18BFAC423CBF20466468F8D301682A
:101470000A18AA4218BF456003D12A6805461144DC
:10148000016028684119A1421CBF6C6070BD616891
:10149000696021680844286070BD3A2800D230385D
:1014A00020F02002412A01D3A2F13700884201D363
:1014B0004FF0FF3070472DE9F04705460C46C868ED
:1014C00020F4201040F48000C860800602D5084651
:1014D00000F03BFBE06841F282014FF0FF39014030
:1014E000022903D0204600F0D9FAB5E000F42041EB
:1014F000B1F5004F0FD1C00306D56168E06A88429C
:1015000000D80846606006E02069E06260606069BB
:10151000FFF771FFA061A0680022EEB200280DDA8B
:10152000E1688B050AD4C043A06041F4903022608A
:10153000E0606068411C61600670A5E0E06890466C
:10154000226040F40050E060206968BB6069FFF7EA
:1015500044FF012704F12405A0B1A08910F4407FC5
:1015600008D0E06900F0EFF9206118B1E06840F4BC
:10157000006016E0E7612561E06820F4407040F407
:1015800080600EE0E06900F0DEF900282061F1D013
:10159000E06840F4006010F4407FE06002D140F465
:1015A0008070E06020696060E06825696FF0010A82
:1015B000C1051FD56168E06A884200D80846411B12
:1015C00004D02246284600F073FAF0BBE06801021E
:1015D00003D5E562C4E9015854E0691CE162616029
:1015E000E16940F48030491EC4E9021030462E7093
:1015F000BDE8F087010202D500F480320AE060689D
:10160000411C61600670E0680A2E40F48030E060A2
:1016100006D00022E16A6068814203D90B4602E0ED
:101620000122F7E70346A7895B1B7F0503D4E7691F
:101630009F4200DDE2B1814200D80146E5620F1A07
:10164000C4E90158002B09DD00E005E022461946F7
:10165000284600F02DFA08B14846C9E747B1A0690D
:10166000E5626560C01BA061E06840F01000E060CA
:10167000E068000208D56168A069E562491B08447A
:101680006560A0615046B3E73046B1E770B5C46805
:10169000A50713D0650211D4B2F5807F09D0B2F549
:1016A000007F06D0B2F5806F08D1012300F124013C
:1016B00006E05D1E6FF07F46B54201D3012070BD8C
:1016C0000161C361416024F470611143C160002075
:1016D00070BD00002DE9F0410C4607461646104645
:1016E00000F06EF82078611C61280AD0722802D0C0
:1016F00077283CD102E00125002405E002250424DE
:1017000002E0082448F2020511F8010B2B2806D04C
:10171000622809D011F8010C74280AD00BE045F0BA
:10172000030544F00204EFE745F0040544F001042A
:10173000EAE744F0100438462146FFF72FFE411C2B
:1017400015D00021316171604FF40071F560F161D5
:101750007061200704D530460222002100F022F9F2
:10176000306D40F0010030653046BDE8F08100206A
:10177000FBE72DE9F0410D460646104C206DC107F0
:1017800004D0410804D020F00104F7E722460EE01F
:10179000542000F0D8F807000ED0206D47F001016A
:1017A0000843542120653846FFF7D7F83A462946C2
:1017B0003046BDE8F0418DE70020D6E7A8210020A3
:1017C0002DE9F04704464FF000094FF0FF37C56898
:1017D000D4E90486A80707D0204600F093F93046E4
:1017E000FFF7E6FD002802DA3846BDE8F087280555
:1017F00002D54046FFF72AFE4C212046FFF7ADF800
:10180000206D20F0010020654846EEE710B5044643
:10181000AFF300802046BDE81040FEF74ABD10B58A
:1018200000F0BAF9BDE8104000F0B0B94FF0013C4B
:1018300050F8042B51F8043B9A4221D1A2EB0C033F
:10184000934313EACC1317D150F8042B51F8043BFF
:101850009A4215D1A2EB0C03934313EACC130BD19C
:1018600050F8042B51F8043B9A4209D1A2EB0C0327
:10187000934313EACC13DBD04FF00000704700BF56
:10188000D01A01BAB1FA81F101F0180122FA01F07F
:10189000CB40C1F12001DBB2C0B2C01A2CFA01F377
:1018A000D11A914311EAC311E6D170477047000085
:1018B00000487047AC22002070477047704770475F
:1018C00038B504460A4600206946AFF30080002878
:1018D00008BF38BD02460099204600F084F9012077
:1018E00038BD012000F0D3B9F8B5AFF3008005464C
:1018F00000200C46102000BF0646A819A0420DD9B2
:10190000324669460020AFF30080070008BF00F0B0
:10191000BEF90098A04218BF0546C419FFF7C8FFDA
:1019200005600746F01D20F007004619284600F024
:1019300053F9B44208BFF8BDA21B31463868BDE870
:10194000F84000F050B970B50646FFF7B1FF0568E2
:1019500006F10B0020F00704B4429CBF002070BDCC
:101960002B466A68BAB11068A04210D304F108018E
:1019700088423CBF5068586007D3516810194160D5
:101980001168091B016058601460101D70BD13467A
:101990005268002AE7D121462846FFF791FF002828
:1019A000DED170BD2DE9F041044616460D4647696B
:1019B000007B80072ED03846FFF70FFD50BB3EB3AB
:1019C000012E02D0022E25D104E0204600F025F998
:1019D00005441DE03846FFF70EFDE168002841F0A0
:1019E0001001E16005DA204600F058F80120BDE85A
:1019F000F081C9030BD56268E16A914200D81146B3
:101A0000A26911442269891A814200DD0846054411
:101A1000002D01DA0220EAE7E16A6068E2688142AB
:101A200006D29103E06203D522F4003141F01002A6
:101A3000A6690027AE4213DCE16A814201D90B4658
:101A400000E0034603EB060C2369ACEB030CAC454A
:101A500006DD814201D98C4600E084469C4505D1D3
:101A6000A760276042F02000A5620DE0AD1BE6698B
:101A7000AE1B8142A66000D90846C01A281A206011
:101A80005819606022F0200003490840E0600020FF
:101A900084F84870ABE70000BFCFD7FFC16821F4DE
:101AA000001141F08001C160002181600160704738
:101AB0002DE9F047814614460E464FF0FF38324874
:101AC000D5685769054209D03846A169FFF78BFCF4
:101AD000002811DB2C48C0430540E5602B46324608
:101AE00049463846FFF76AFCA16920F00042B21A65
:101AF00011440028A16103D02046FFF7CFFF4046E4
:101B0000BDE8F08770B504460569C06A616888421F
:101B100000D80846E16821F42011E160C90312D51C
:101B2000A84208D02246411B2846FFF7C1FF10B14A
:101B30004FF0FF3070BD0020E562C4E90150E0685D
:101B400020F48030E060002070BD10B50446C0680D
:101B500020F02000E060A16AA06988420DD02046F4
:101B6000FFF7D0FFE06820F4405040F01000E06044
:101B7000A06AA0612069E062606044F24001E06810
:101B80008843E06010BD000010000200002801D072
:101B900000F01CB87047000010B5014602A000F02C
:101BA0005DF8012010BD000053494752545245448E
:101BB0003A2052656469726563743A2063616E27E6
:101BC00074206F70656E3A200000000001491820F3
:101BD000ABBEFEE72600020000210160C0E9011053
:101BE000704710207047034640688C46002818BF95
:101BF00088423CBF03464068F8D3186818448842BE
:101C000007D00CF1030020F00700001D411A521A02
:101C10000146081D0A60FFF719BC10B50146C268ED
:101C2000900703D0900607D5886A0AE0FEF7C0FE49
:101C300001210160881E10BD8B69486818440B693A
:101C4000C01A91F848301BB191F84910401A10BDE4
:101C50001103FCD50028FADD401E10BD70B5054605
:101C60000C460A2000E06D1C00F018F835B1287809
:101C70000028F8D102E0641C00F010F814B12078BC
:101C80000028F8D1BDE870400A2000F007B810B570
:101C900000F00CF8BDE81040FFF778BF08B56946C2
:101CA0008DF800000320ABBE08BD000010B5012870
:101CB00005D0002103A0FFF7D1FF012010BD09A12D
:101CC000F8E7000053494752544D454D3A204F75AF
:101CD00074206F662068656170206D656D6F727924
:101CE000000000003A2048656170206D656D6F72DC
:101CF0007920636F72727570746564005FEA400CDE
:101D000008BF91F0000F4FEA8C234FEAC12243EA4B
:101D100051514FEA1C5018BF00F5F0404FEA300017
:101D200018BF41F000415FEA6C5C00F02980BCF113
:101D3000FF3F08BF40F080407047130C06BF1204FD
:101D40004FF0100C4FF0000C130E04BF12020CF1F8
:101D5000080C130F04BF12010CF1040C930F04BF05
:101D600092000CF1020CD30F04BF52000CF1010CD5
:101D700011464FF00002A0F11F00A0EB0C007047CD
:101D800011F0004F08BF704731F000413FF4D5AF6C
:101D90000B0C06BF09044FF0100C4FF0000C0B0E9B
:101DA00004BF09020CF1080C0B0F04BF09010CF170
:101DB000040C8B0F04BF89000CF1020CCB0F04BF85
:101DC00049000CF1010CCCF12003A0EB0C0022FA2D
:101DD00003F302FA0CF241EA030100F1010070473B
:101DE00020F07F4C80EA030023F07F47ACEB070331
:101DF00003F57C5300F0004003F1FF032DE9804917
:101E00004FEA154B09B44FEA144325EA0B4E24EA76
:101E100003480FF2042606EB132749083E785FEAD1
:101E2000320203FB0667C7F5000707FB06F64FEA19
:101E300054374FEAD64606F1020607FB066CCCF192
:101E4000005C4FEA1C472CEA074C07FB06F40CFB2E
:101E500006F504EB15464FEA961634BF00204FF006
:101E600000404FEAD13706FB07FC4FEA1C4C0CFB45
:101E70000BF7D21B03FB0CF761EB07010CFB0EF712
:101E8000B0EB074072EB17420CFB08F734BFA2EB34
:101E90000742B2EB074261EB17414FEA0C444FEAAD
:101EA000910706FB07FC4FEA1C4C0CFB0BF7B0EB51
:101EB000C74072EB573203FB0CF734BFA2EBC742AB
:101EC000B2EBC74261EB57310CFB0EF7B0EBC7002A
:101ED00072EB57720CFB08F734BFA2EBC702B2EBF0
:101EE000C70261EB5771039F4FEA816141EA92118A
:101EF00004EBCC044FEAD1374FEA826206FB07FCC1
:101F000042EA90124FEA80604FEA1C4C0CFB0BF740
:101F1000D21B03FB0CF761EB07010CFB0EF7B0EBD8
:101F2000074072EB17420CFB08F734BFA2EB0742E5
:101F3000B2EB074261EB17414FEA8C554FEA91072C
:101F400004EB9C2406FB07FC4FEA1C4C0CFB0BF734
:101F5000B0EBC74072EB573203FB0CF734BFA2EB78
:101F6000C742B2EBC74261EB57310CFB0EF7B0EB47
:101F7000C70072EB57720CFB08F734BFA2EBC70225
:101F8000B2EBC70261EB577115EB4C254FEA81614B
:101F900041EA92114FEA82624FEAD13742EA901247
:101FA00006FB07FC44F100044FEA80604FEA1C4C3A
:101FB0000CFB0BF7D21B03FB0CF761EB07010CFBCF
:101FC0000EF7B0EB074072EB17420CFB08F734BF7B
:101FD000A2EB0742B2EB074261EB174115EB1C1570
:101FE0004FEA813141EA92414FEA823242EA90421D
:101FF0004FEA80304FEA0C7644F1000448EA03438C
:102000004EEA0B484FF0000EB2EB080C71EB0307E1
:1020100024BF624639464EEB0E0E4FF0000B0018FF
:10202000524149414BEB0B0BB2EB080C71EB030730
:102030007BF1000B24BF624639464EEB0E0E4FF08B
:10204000000B0018524149414BEB0B0BB2EB080C53
:1020500071EB03077BF1000B24BF624639464EEB60
:102060000E0E51EA020718BF46F0010616EB0E7677
:1020700055F1000254F1000103D5BDE88901BDE826
:102080000088BDE88901BDE80048B619524141EB1E
:102090000101A3F10103704780807F7E7D7C7B7A04
:1020A0007978777676757473727171706F6E6E6D04
:1020B0006C6C6B6A6A6968686766666564646363AA
:1020C00062616160605F5F5E5E5D5D5C5C5B5B5A30
:1020D0005A5959585857575656555555545453539D
:1020E00052525251515050504F4F4F4E4E4D4D4DF8
:1020F0004C4C4C4B4B4B4A4A4A4949494848484743
:102100004747474646464545454444444443434380
:102110004342424242414141002B9C4630D4770029
:102120002BD01CB54FEA370703B44FF010004FF027
:102130001001BAF1000F06D0BCF1000FDCBF40F077
:10214000080040F008014FF000000FBCBDE810404F
:102150000BF1010BBBF1010F08BF5FEA170722BFAC
:1021600012F1010211F101014FF0004143F10003AE
:1021700000F0004043EA00007047F9D35708D0E769
:1021800046EA064613F1400F4FEA16461FDD13F1EB
:10219000200FDFBF16430A46002120335B42BED02A
:1021A000C3F1200746EA064602FA07F74FEA164649
:1021B00046EA0706C3F1200722FA03F201FA07F7FD
:1021C00021FA03F14FF0000342EA0702A7E746EACB
:1021D000020646EA06464FEA164646EA0106BCBF34
:1021E00046EA0646360C4FF000034FF000024FF06F
:1021F000000194E72DE9804C9A46934670B491E82B
:10220000380007C831EA400C48BF34EA430C03D514
:10221000FFF7E6FDFFF780FFF0BCBDE8008C2DE97D
:10222000804C9A46934670B491E8380007C810F085
:10223000804F08BF13F0804F03D100F005F8FFF77F
:102240006BFFF0BCBDE8008C20F07F4780EA030004
:1022500023F07F4C07EB0C03A3F57C5300F0004008
:10226000A3F1FE0392F0000F00F0B38095F0000F91
:1022700000F077802DE901494FEA11404FEA1446FA
:1022800021EA004800FB06FC24EA064708FB06F6A4
:1022900007FB08F800FB07F718EB06484CEB164C59
:1022A0004FEA124B18EB07484FEA15464CEB174024
:1022B00022EA0B4E0BFB06FC25EA06470EFB06F650
:1022C00007FB0EFE0BFB07F71EEB064E4CEB164C06
:1022D0004FF000061EEB074E4CEB174B18EB0B08AC
:1022E00040F1000018EB0E0B58EB000840F1000025
:1022F0008F1A4FF000013CBFC943661B14BFB5EBFA
:10230000040C00213CBFC943F61B4FEA17444EEAB8
:102310008E0E27EA04454FEA1C4704FB07622CEAAD
:10232000074C05FB07F70CFB05F604FB0CFC16EB52
:10233000074642EB174216EB0C4642EB1C421BEBE6
:10234000060658EB0202414146EA9E0601D5BDE869
:102350000189B619524141EB0101A3F10103BDE826
:1023600001894FEA14454FEA114724EA054621EA5C
:10237000074C05FB07F406FB07F70CFB06F105FB12
:102380000CFC11EB074144EB17444FEA124711EBE9
:102390000C4144EB1C4422EA074C05FB07F206FB08
:1023A00007F70CFB06F605FB0CFC16EB074642EBA9
:1023B000174216EB0C4642EB1C456A1854F100011B
:1023C00048BF7047B619524141EB0101A3F1010327
:1023D000704795F0000F37D04FEA11424FEA14478B
:1023E00021EA024624EA074C02FB07F106FB07F745
:1023F0000CFB06F402FB0CFC14EB074441EB174109
:102400004FEA154714EB0C4441EB1C4125EA074CFD
:1024100002FB07F506FB07F70CFB06F602FB0CFCBC
:1024200016EB074645EB174516EB0C4645EB1C42F1
:10243000121951F1000148BF7047B619524141EBE2
:102440000101A3F1010370474FEA14454FEA114718
:1024500024EA054621EA074C05FB07F106FB07F7CE
:102460000CFB06F24FF0000605FB0CFC12EB0742DA
:1024700041EB174112EB0C4251EB1C4148BF704736
:10248000921841EB0101A3F1010370471CB56420D0
:1024900001F046F900F0AEF8142001F041F901A86E
:1024A00000F090F888B99DF80400000712D4BE200F
:1024B0008DF8000008208DF8010000208DF8020042
:1024C0000321684600F0B4F808B101201CBD0A20C1
:1024D00001F026F900201CBD1CB504460721684602
:1024E00000F064F808B101201CBD9DF800002070C8
:1024F000000601D502201CBD9DF801009DF80210C8
:10250000000340EA01109DF80310DFED160A40EACF
:10251000111100EE101A61609DF80300B8EE400A38
:1025200000079DF80420000B20EE200A9FED0E1AF4
:1025300040EA02209DF8052020EE010A1043A06029
:1025400084ED030A00EE100A9FED081A0020B8EE91
:10255000400A60EE200A9FED060A10EE810A84ED23
:10256000040A1CBD000080350000C842000048433A
:102570000000484270B50D46064600F047F890B995
:1025800001F00EFA044609E03046FFF7A5FF0028E7
:102590000AD0012808D0052001F0C2F801F000FAA5
:1025A000001BA842F0D3012070BD000008B56422D2
:1025B00000920B4602467121014801F0A9FA08BDBC
:1025C0004C0100201CB5044671208DF804006420E5
:1025D0000090012301AA7021054801F02BFB28B9C6
:1025E00001212046FFF7E2FF002800D001201CBD9A
:1025F0004C01002008B5BA208DF800000121684682
:1026000000F016F8002800D0012008BD08B5AC2065
:102610008DF8000033208DF8010000208DF80200B5
:102620000321684600F004F8002800D0012008BD0E
:1026300008B5642200920B4602467021014801F061
:10264000F9FA08BD4C01002010B50EA0FDF754FFAB
:1026500000F0D4FA04F0A0FD12A0FDF74DFF00F049
:1026600089FD17A0FDF748FF00221146012006F062
:10267000EDFC1A49086101200870BDE8104018A05F
:10268000FDF73ABF5B4150505D2053797374656D1F
:1026900020496E697469616C697A696E672E2E2EA5
:1026A0000D0A00005B4150505D2053656E736F72E0
:1026B0007320496E697469616C697A65640D0A00FA
:1026C0005B4150505D204553503832363620496EBC
:1026D000697469616C697A65640D0A00980000206C
:1026E0005B4150505D2053797374656D2052656174
:1026F00064790D0A0000000010B5A4B02422184926
:102700006846FEF7CEF816492422243109A8FEF7C0
:10271000C8F813492422483112A8FEF7C2F810491C
:1027200024226C311BA8FEF7BCF86A4600210D4834
:1027300006F004FD0C4C09AA002160600B4806F06D
:10274000FDFCA06012AA0021094806F0F7FCE06039
:102750001BAA0021074806F0F1FC24B010BD0000C0
:1027600074AF0008F9730008980000203960000871
:102770005D2C0008595D0008B0EE401A10B581EEDE
:10278000200ADFED060A06F013F8F7EE000A30EE35
:10279000C00ADFED030A20EE200A10BD01DE423E32
:1027A000002A2D472DE9F05F8346544AC81789183F
:1027B000A1FB012340F1FF30514C00FB0133B4F980
:1027C000105001FB0038A2FB0537EE1708FB05751A
:1027D00002FB0659B4F90E504FF0000AA5FB017C2C
:1027E000EE1706FB01C605FB00656E0446EAD73608
:1027F0007F04FB1846EB09061AEB0309B4F90A300B
:10280000B4F90C50A2FB037C46EBC5054FEAE37616
:1028100008FB03C302FB0632B4F908604FEA172332
:10282000A6FB01C84FEAE67707FB018106FB001013
:102830004FEA003143EA02634FEA0C3041EA1C518F
:10284000181841EB2222001C42F50043E288A0FB4D
:10285000027603FB026200FB0A204210C31752EA11
:10286000030048D0CBF58016F017C10741EA5601A6
:10287000F607B6EB090640F63547A6FB070C61EBF9
:10288000050101FB07C1002506FB0511FDF70FFE41
:10289000B4F91630420B42EAC142A3FB027CDD17B9
:1028A00005FB02C54E1303FB0653A7FB025C03FBAB
:1028B00002C207FB06236A0E42EAC3125D16B4F990
:1028C0001430A3FB007CDE1706FB00C603FB016689
:1028D000FB0C801843EA46336941C01841EBE641DE
:1028E0004FEA102040EA0160B4F912104FEA0111DA
:1028F0004018BDE8F09F0020FBE70000000CFEFF41
:10290000741C002010B500F0D3F8582802D100F054
:1029100011F808B1012010BD03220521022000F0AA
:10292000EDF8022000F0F2F8642000F0F9FE00203B
:1029300010BD000000B587B018226946882000F05D
:10294000C3F810B1012007B000BD2748BDF8001042
:1029500001809DF803109DF8022042EA0121418088
:102960009DF805109DF8042042EA01218180BDF800
:102970000610C1809DF809109DF8082042EA012147
:1029800001819DF80B109DF80A2042EA0121418146
:102990009DF80D109DF80C2042EA012181819DF8DF
:1029A0000F109DF80E2042EA0121C1819DF81110FF
:1029B0009DF8102042EA012101829DF813109DF834
:1029C000122042EA012141829DF815109DF8142041
:1029D00042EA012181829DF817109DF8162042EAF3
:1029E0000121C1820020AEE7741C00207CB50446A2
:1029F00006226946F72000F067F808B101207CBD87
:102A00009DF800009DF80110000340EA01109DF8B8
:102A10000210DFED240A40EA11129DF803009DF830
:102A20000410000340EA01109DF8051040EA11105F
:102A30001B49C4E900020D88C310B1F90260C5EB5F
:102A40002010A3EB45034043B1F904107343001376
:102A5000DB12484303EBA03505EB85008030001204
:102A600000EE100A29461046B8EEC00A80EE201A81
:102A700084ED031AFFF796FE00EE100ADFED0A0A56
:102A8000B8EE400A20EE200ADFED080A84ED040AC1
:102A9000A560FFF771FE84ED050A00207CBD0000F3
:102AA000741C00200000C8420000803B80E6C5473F
:102AB00008B501226946D02000F006F808B10020D0
:102AC00008BD9DF8000008BD77B581B015460E46DB
:102AD0006424012301AAEC210748009401F0AAF81C
:102AE000002806D12B463246ED210348009401F020
:102AF0000FF804B070BD00004C010020400140EA16
:102B000081001043C1B2F42000F006B88006010E27
:102B1000F52000F001B800001CB502238DF8040078
:102B200064208DF80510009001AAEC21014801F005
:102B300081F81CBD4C010020FEE7000070B52C4E52
:102B40009FED2C0A2DED028B7078022849D3B0EE50
:102B5000408A0024F0EE488A012538E030780A22C5
:102B6000401B00F10A0191FBF2F302FB1311093043
:102B700090FBF2F302FB13001F4AC9B2C0B201EB93
:102B8000410100EB400002EB810102EB800091ED7E
:102B9000000AD0ED000A90ED011AD0ED021A30EED5
:102BA000600AD1ED010A70EEC10A20EE000A91ED33
:102BB000021A00EEA00A31EE611A01EE010A06F0D7
:102BC00029F9641C70EE288A6D1CE4B2EDB27078AD
:102BD0008542C3D344B100EE104AF8EE400A88EEB5
:102BE000A00ABDEC028B70BDB0EE480AF9E7000008
:102BF000DE000020000000003021002010B5044C51
:102C00006068002802D106F0BFF9606010BD0000C6
:102C1000AC000020704730B5E8B1E3B1457800243E
:102C20000DB1B9B117E099B1057801215DB14568E1
:102C3000521B322A0FD31A7842B100221A70417007
:102C40000470012030BD0170426004E00122F5E70C
:102C5000047000E04470002030BD00009AB00020F5
:102C6000179016908DF848000546012731A0FDF712
:102C700043FC00F09BF8DFF8D480354E00F090FE66
:102C800004464021404600F081FE012807D0002183
:102C900012AB224616A8FFF7BEFF38B901E00121AA
:102CA000F6E71FB9601BB0F5FA7F3ED302A804F027
:102CB00043FA9DF8480028B100F00AFA032805D32A
:102CC000012104E002A800F073F82CE000218DF847
:102CD0004C1005281AD000208DF84D001D48D0F862
:102CE000880000B101208DF84E001B48D0F8880004
:102CF00000B101208DF84F00306848B1306840F6CF
:102D0000B831201A884203D8012002E00120E3E70D
:102D100000208DF850004FF47A70B4FBF0F015905D
:102D200013A800F0F5F825460027142006F0F0F867
:102D3000A4E700005B446973706C61795461736B44
:102D40005D20537461727465640D0A0000080048C8
:102D500004000020780200200C03002008B50023A6
:102D6000009313460A460146082003F0C9FF08BD38
:102D700030B414460D4600280ED0002D0CD0002C87
:102D80000AD0007808B105A300E005A32146284633
:102D900030BC04A2FDF7BCBB30BC70474F4B0000F9
:102DA0004E4F0000576946693A25730004F000B899
:102DB00030B58FB004006AD0002003F0C9FF40F2A4
:102DC000FF7234A10820FFF7C9FF606808F03AF8E5
:102DD000CDE9000133A2302102A8FDF799FB4FF69F
:102DE000FF752A4602A91E20FFF7B8FFA06808F069
:102DF00029F8CDE900012FA2302102A8FDF788FBB8
:102E00002A4602A93220FFF7A9FFD4ED030A9FED5D
:102E10002D1A80EE810A10EE100A08F013F8CDE9A1
:102E2000000129A2302102A8FDF772FB2A4602A95F
:102E30004620FFF793FF207804F088F9034626A286
:102E4000302102A8FDF764FB4FF6E07202A95A2078
:102E5000FFF784FF94F83C0008B122A300E022A30E
:102E600023A2302102A8FDF753FB94F83C0010B1D7
:102E70004FF4FC6201E04FF4784202A96E20FFF7A4
:102E80006DFF4FF61F021DA1DC20FFF767FF0FB09B
:102E900030BD0000506167653120454E562F424FCE
:102EA0005800000054656D70203A20252E316620B0
:102EB0004300000048756D20203A20252E31662001
:102EC000252500000000C84250726573203A202575
:102ED0002E3166206850610053746174653A202574
:102EE000730000004F4B00004641494C00000000B9
:102EF00056616C69643A2025730000004B455931D6
:102F0000202D3E204E6578742050616765000000DA
:102F100070B58CB004007CD0002003F019FF40F2A3
:102F2000FF7241A10820FFF719FF302269462046B1
:102F3000FFF71EFF20784FF4FC654FF4784608B188
:102F40002A4600E0324669461E20FFF707FF6078F8
:102F500008B138A300E038A338A230216846FDF755
:102F6000D7FA607808B12A4600E032466946322036
:102F7000FFF7F4FEA07808B132A300E02EA333A23D
:102F800030216846FDF7C4FAA07808B12A4600E06F
:102F9000324669464620FFF7E1FEE07808B129A3F2
:102FA00000E025A32CA230216846FDF7B1FAE078B5
:102FB00008B12A4600E0324669465A20FFF7CEFEA5
:102FC000207908B127A300E028A32AA2302168466F
:102FD000FDF79EFA20794FF6FF7510B14FF6E072BB
:102FE00000E02A4669466E20FFF7B8FE24A2302191
:102FF0006846A368FDF78CFA2A4669468220FFF7E7
:10300000ADFE00F06BF801464FF61F042246A020EB
:1030100000E006E0FFF7A2FE22461CA1DC20FFF73D
:103020009DFE0CB070BD00005061676532205359A1
:10303000530000004F4B00004E4F00004D515454C0
:103040003A257300494E495400000000554152543E
:10305000313A25730000000055415254333A25732C
:1030600000000000414354495645000049444C4586
:103070000000000055335258203A2573000000002C
:1030800055702020203A256C757300004B4559314E
:10309000202D3E204E657874205061676500000049
:1030A00010B501220421084800F075FC0A2000F048
:1030B00037FB01221103054800F06DFCBDE810400C
:1030C000642000F02DBB0000000C00480008004800
:1030D0000148007870470000D80000200C480078B4
:1030E000072813D2DFE800F00406080A0C0E1000CF
:1030F00008A0704709A070470AA070470DA070474C
:1031000010A0704713A0704716A0704717A0704713
:10311000D80000205245534554000000494E495400
:1031200000000000574946495F434F4E4E45435407
:10313000494E4700574946495F434F4E4E45435419
:10314000454400004D5154545F434F4E4E45435447
:10315000494E47004D5154545F434F4E4E454354E2
:10316000454400004552524F52000000554E4B4E10
:103170004F574E0010B5012208210B4800F00BFC00
:1031800000224FF48051094800F005FC0022042180
:10319000074800F000FC642000F0C2FAFFF780FF4F
:1031A00004490120087010BD0004004800080048D0
:1031B000000C0048D800002000B5A1B003460091E3
:1031C00007A2802101A8FDF7A3F942F210720AA11B
:1031D00001A800F039F9002800D0012021B000BD7D
:1031E00041542B4D515454434F4E4E3D302C2225CB
:1031F00073222C25642C31002B4D515454434F4ED7
:103200004E4543544544000010B592B011A111A0A1
:10321000CDE9000110A315A2402102A8FDF778F91D
:1032200041F2883422461CA102A800F00DF970B9C1
:103230001AA000901BA320A2402102A8FDF768F964
:10324000224615A102A800F0FFF8002800D00120B6
:1032500012B010BD000000006D65646963696E65A1
:103260005F626F785F3030310000000041542B4DB9
:10327000515454555345524346473D302C312C222E
:103280002573222C222573222C222573222C302CEC
:10329000302C2222000000004F4B00006F66666C4D
:1032A000696E65006D65646963696E655F626F78FC
:1032B0002F6C77740000000041542B4D515454433F
:1032C0004F4E4E4346473D302C3132302C302C226D
:1032D0002573222C222573222C302C300000000074
:1032E00000B5ADF5037D8DE80E00034608A24FF44E
:1032F000007103A8FDF70CF941F288320CA103A874
:1033000000F0A2F8002800D001200DF5037D00BDDB
:1033100041542B4D5154545055423D302C2225736D
:10332000222C222573222C25642C25640000000009
:103330004F4B000000B5A1B00346009107A28021C9
:1033400001A8FDF7E5F841F288320AA101A800F0D2
:103350007BF8002800D0012021B000BD41542B4D46
:103360005154545355423D302C222573222C256450
:10337000000000004F4B000010B510A11348FDF7EE
:103380001AFA040008D012A1FDF715FA20B1011BAA
:103390002046891CFDF7BFFA0EA10C48FDF70BFA79
:1033A000104C08B1012020700FA10848FDF703FA66
:1033B000002801D00320207010BD00002B4D515477
:1033C00054535542524543563A0000008C1C00208D
:1033D0000D0A00005749464920444953434F4E4E79
:1033E00045435400D80000202B4D515454444953B8
:1033F000434F4E4E454354454400000070B50F4DB9
:103400004FF4805400222146284600F0C4FA64207C
:1034100000F086F901222146284600F0BCFA4FF45C
:10342000FA7000F07DF90649002048808880A110DC
:10343000BDE870400348FDF76EBA00000008004880
:10344000D80000208C1C002070B5ADF5007D15461D
:103450000E46044606F08CFB1C49002048808880FC
:103460004FF480611A48FDF756FA06F0A1FB234697
:1034700018A24FF400716846FDF74AF86846FDF758
:10348000ACF982B24FF47A736946144802F072FACA
:1034900000F086FA044611E046B131460C48FDF7CB
:1034A0008AF918B100200DF5007D70BD0CA1084807
:1034B000FDF781F938B90A2000F032F900F070FA0E
:1034C000001BA842E8D30120EDE70000D80000204F
:1034D0008C1C002025730D0A000000000C03002046
:1034E0004552524F520000000A49094A4B88D054B5
:1034F0004888401CC0F30900488048888A88904268
:1035000004D18888401CC0F30900888070470000FF
:103510008C1C0020D800002010B50D4CA2B0022257
:103520002270034600910BA2802101A8FCF7F0FF56
:1035300043F698220CA101A8FFF786FF20B10620D0
:103540002070012022B010BD032020700020F9E778
:10355000D800002041542B43574A41503D22257347
:10356000222C2225732200005749464920474F54F8
:103570002049500070B503244FF47A756E1008E0AE
:103580002A460EA10EA0FFF75FFF28B1304600F0DB
:10359000C7F8641EE4B2F3D23CB14FF4FA64224699
:1035A00006A109A0FFF750FF08B1012070BD224617
:1035B00002A108A0FFF748FF002070BD4F4B00009C
:1035C000415445300000000041542B43574D4F44B7
:1035D000453D310041542B4357444843503D312C25
:1035E0003100000010B54FF4FA620BA10BA0FFF7F9
:1035F0002BFF60B90DA10F48FDF7DDF8002807D0BB
:10360000C01DFDF7CBF8022803D0032801D000200D
:1036100010BD012010BD00004F4B000041542B4352
:1036200049505354415455530000000053544154E1
:1036300055533A008C1C002072B6FEE710B590F886
:10364000253000210122022B03D00421C163012176
:1036500022E003681C6824F00E041C60836C1C6864
:1036600024F480741C6003681C6824F001041C604E
:1036700090F84430046C03F01F0302FA03F3636014
:10368000D0E913345C60436D33B11C6824F480745A
:103690001C60D0E916345C6080F82520002280F898
:1036A0002420084610BD70B590F825200024012183
:1036B0002346022A07D00422C26380F8251080F82E
:1036C0002430012429E00268156825F00E051560F4
:1036D0000268156825F001051560826C156825F4EF
:1036E0008075156090F84420056C02F01F0201FA05
:1036F00002F26A60D0E913255560426D32B1156857
:1037000025F480751560D0E91625556080F82510E0
:1037100080F82430816B01B18847204670BD0000DD
:1037200070B5044600F03CF90546601C02D0044820
:103730004068044400F034F9401BA042FAD370BD45
:10374000080000202DE9F04FDFF820920023012629
:103750000324A9F1040B85B00F2709F1040AABF18A
:10376000040EFAE006FA03F52A407CD091F804C072
:103770000CF0030CBCF1010F02D0BCF1020F26D1FA
:10378000D0F808C0CDF800C04FEA430C04FA0CF89A
:10379000CDF810C0DDF800C02CEA080CCDF800C050
:1037A000D1F80C80DDF810C008FA0CF8DDF800C084
:1037B00048EA0C08C0F80880D0F804C02CEA050CD0
:1037C0000D79C5F300159D4045EA0C0545600D795E
:1037D000ED43AD070ED0C5684FEA430804FA08FC74
:1037E00025EA0C05D1F808C00CFA08FC4CEA050CD7
:1037F000C0F80CC00D7905F00305022D16D1DD08C7
:1038000000EB850CCDF808C0DCF820805D074FEA9E
:10381000D56C07FA0CF528EA05080D6905FA0CF5D0
:10382000DDF808C045EA0805CCF8205005684FEAE5
:10383000430CCDF808C004FA0CFC25EA0C0591F8FD
:1038400004C00CF00308DDF808C008FA0CF848EAD8
:103850000508C0F800804D6815F4403F7CD0444D09
:10386000D5F860C000E077E04CF0010CC5F860C00E
:103870002D6E23F0030C05F0010500953D4D6544C8
:103880000295AD684FEA837C4FEA1C7807FA08FC82
:1038900025EA0C05B0F1904F06D0DFF8DCC060459A
:1038A00005D14FF0010C20E04FF0000C1DE0DFF8D7
:1038B000CCC0604502D14FF0020C16E0DFF8C0C06A
:1038C000604502D14FF0030C0FE0DFF8B8C060454F
:1038D00002D14FF0040C08E0DFF8ACC0604502D123
:1038E0004FF0050C01E04FF0060C0CFA08FC4CEA16
:1038F000050C029DC5F808C0D9F80050CC46D1F897
:10390000048095435FEAC82800D51543CCF80050E1
:10391000DAF80050D446D1F8048095435FEA88284D
:1039200000D51543CCF80050DBF80050DC46D1F848
:10393000048095435FEA883800D51543CCF80050E1
:10394000DEF80050F446D1F8048095435FEAC838A9
:1039500000D51543CCF800505B1C0A6832FA03F519
:103960007FF400AF05B0BDE8F08F0000080401400F
:103970000010024000000140000400480008004818
:10398000000C00480010004800140048006908407E
:1039900000D0012070470AB1816170478162704791
:1039A00001488068704700000800002090F841201E
:1039B000202A24D190F84020012A20D0012280F82A
:1039C0004020242280F841200268136823F001037C
:1039D00013600268136823F480531360026813684D
:1039E0000B43136001680A6842F001020A6020215B
:1039F00080F84110002180F84010084670470220EE
:103A0000704790F84120202A22D190F84020012AC6
:103A10001ED0012280F84020242280F84120026834
:103A2000136823F0010313600268136823F47063C2
:103A300043EA0121116001680A6842F001020A604C
:103A4000202180F84110002180F84010084670477E
:103A50000220704770B5040004D094F8410000259E
:103A600010B106E0012070BD84F84050204600F0FF
:103A700087F9242084F841002068016821F00101C1
:103A800001606068216820F07060086120688168CA
:103A900021F400418160E0680128A06830D040F442
:103AA000044021688860E0680228206841682AD0C4
:103AB00021F40061416020684168144A114341606B
:103AC0002068C16821F40041C160D4E904010843C1
:103AD000A16940EA01202168C860D4E907010843D0
:103AE000216808602068016841F001010160656497
:103AF000202084F84100256384F84250002070BDE6
:103B000040F40040CDE741F40061D3E700800002BB
:103B10002DE9F84F044690F84100DDF828A01F4633
:103B200090468B4620287ED194F8400001287AD018
:103B3000012084F84000FFF733FF06460122009081
:103B40001923D103204602F01DF8E0BB222084F89F
:103B50004100102084F8420000256564C4F82480E8
:103B600067856563618D3148FF274FF080784FF09E
:103B70000079FF2903D927853A46009039E0618D05
:103B8000218500903AE05946204601F0E3FF13E01A
:103B900002F036F8B8B92068406A616A0870606A55
:103BA000401C6062208D401E80B22085618D491EC0
:103BB0006185618D01B168B1608D32460028514642
:103BC0002046E5D100E002E002F06EF8D0B101201D
:103BD000BDE8F88F5346002280212046009601F070
:103BE000D1FF0028F3D1608DFF2804D927853A46FC
:103BF00000954346C7E7608D2085009594F82820FE
:103C00004B46C0E721682020C86121684A68084BFC
:103C10001A404A6084F8410084F8425084F84050C9
:103C20000020D5E7FFE70220D2E700000024008053
:103C300000E800FE2DE9FF4F81B0044690F84100F6
:103C4000DDF838B01F46904620287BD194F840001C
:103C5000012877D0012084F84000FFF7A1FE064636
:103C6000012200901923D103204601F08BFF002888
:103C700053D1212084F84100102084F8420000250F
:103C80006564C4F8248067856563608D3A49FF27C1
:103C90004FF080794FF0007AFF2802D927854B46F4
:103CA00005E0608D208500045346000C10D022688A
:103CB00098F800009062606A401C6062608D401E4F
:103CC0006085208D401E2085401CC2B2009101E01D
:103CD000002200912046029901F03CFF14E000BF51
:103CE00002F00DF8C8B9606A216800788862606ADD
:103CF000401C6062608D401E6085208D401E80B239
:103D00002085618D01B160B1608D32460028594631
:103D10002046E5D101F0C8FFE0B1012005B0BDE8C3
:103D2000F08F5B46002280212046009601F02AFF9A
:103D30000028F2D1608DFF2805D927853A464B46E9
:103D40000095C7E716E0608D2085009594F828203F
:103D50005346BFE721682020C86121684A68074BA5
:103D60001A404A6084F8410084F8425084F8405078
:103D70000020D3E70220D1E70020008000E800FE09
:103D80002DE9F04198B00446142111A8FCF7E5FD97
:103D900044216846FCF7E1FD2B4920682B4C122793
:103DA00000254FF440764FF00108884223D180204F
:103DB00000900795684600F04DF908B1FFF73CFC0C
:103DC000E06C40F00100E064E06C11AA00F001003A
:103DD00016900420CDE9145082E8C00111A94FF0DB
:103DE0009040FFF7AFFCA06D40F48000A065A06D8F
:103DF00000F4800024E01649884222D1801500900A
:103E00000895684600F026F908B1FFF715FCE06C4C
:103E100040F00400E064E06C11AA00F00400169089
:103E20000820CDE9145082E8C00111A90948FFF724
:103E300089FCA06D40F08040A065A06D00F080403E
:103E4000169018B0BDE8F081005800400010024004
:103E50000078004000080048024881684268114428
:103E6000816070470800002010B50024032000F096
:103E700079F80F2000F008F808B1012401E000F003
:103E800025F8204610BD000070B50E4E05460024F2
:103E9000706898B14FF47A71B1FBF0F00A49096883
:103EA000B1FBF0F001F01DF840B9102D06D2002250
:103EB0002946501E00F036F8356000E00124204607
:103EC00070BD000008000020140000200D4808B557
:103ED000016E41F001010166016E01F001010091E6
:103EE000816D41F080518165806D002200F080502D
:103EF00000900F21901E00F015F8BDE8084000F07A
:103F0000A1B8000000100240002809DB00F01F02E9
:103F1000012191404009800000F1E020C0F800112B
:103F200070470000F0B40E4B1B680C46C3F302232D
:103F3000C3F10705042D00D90425191D072901D255
:103F4000002300E0DB1E012606FA05F1491E214090
:103F500099409E40761E16403143F0BC04F0C2BA30
:103F60000CED00E0064900F0070208684FF6FF0379
:103F7000184040EA0220034A1043086070470000DE
:103F80000CED00E00000FA052B492C4B0A683221A9
:103F90004A432B4940B1B0F5007F086829D020F48E
:103FA000C06040F480602CE00868C0F34120022823
:103FB00004D051F8800F20F4807022E0D1F8800006
:103FC00020F48070C1F88000086820F4C06040F4DC
:103FD00000700860B2FBF3F0401C00E0401E4A692C
:103FE000520501D50028F9D1486940050AD50320BA
:103FF0007047C0F34120022806D051F8800F40F4EA
:104000008070086000207047D1F8800040F4807014
:10401000C1F88000086820F4C06040F400700860B7
:10402000B2FBF3F0401C00E0401E4A695205DBD5AC
:104030000028F9D1D8E700001400002040420F000A
:10404000007000400248816841F4804181607047FF
:10405000007000402DE9F8430446006800269D4D9D
:1040600000035ED5A86D0027C00008D4A86D40F0FD
:104070008050A865A86D012700F080500090DFF8FF
:104080005892D9F8001041F48071C9F80010FFF778
:1040900087FC804606E000BFFFF782FCA0EB08002B
:1040A00002282BD8D9F80000C005F5D5D5F8900026
:1040B00010F4407014D0216C814211D0D5F89000DA
:1040C000D5F8901020F4407041F48031C5F890107C
:1040D000D5F8901021F48031C5F89010C5F8900003
:1040E000C00711D0FFF75CFC804641F2883907E039
:1040F000FFF756FCA0EB0801494501D903260BE068
:10410000D5F890008007F3D5D5F89000216C20F405
:1041100040700843C5F890001FB1A86D20F0805092
:10412000A8652078C00707D0D5F88800616820F01E
:1041300003000843C5F888002078800707D5D5F824
:104140008800A16820F00C000843C5F8880020789A
:10415000400707D5D5F88800E16820F03000084313
:10416000C5F888002078000707D5D5F888002169B0
:1041700020F0C0000843C5F888002078800607D5E5
:10418000D5F88800616920F440600843C5F88800CC
:104190002078400607D5D5F88800A16920F4405062
:1041A0000843C5F888002078000607D5D5F88800B0
:1041B000E16920F440400843C5F888002088C00524
:1041C00007D5D5F88800216A20F440300843C5F8A7
:1041D00088002088800507D5D5F88800616A20F41A
:1041E00040200843C5F88800208840050FD5D5F841
:1041F0008800A16A20F440100843C5F88800A06A2E
:10420000B0F5801F03D1E86840F48010E860208892
:1042100000050FD5D5F88800E16A20F44000084376
:10422000C5F88800E06AB0F5800F03D1E86840F473
:104230008010E8602088C0040FD5D5F88800216B75
:1042400020F040700843C5F88800206BB0F1807FF3
:1042500003D1E86840F48010E86020884FF00061E6
:1042600080040ED5D5F88800626B20F040601043C2
:10427000C5F88800606B884203D1E86840F480107C
:10428000E860208840040ED5D5F88800A26B20F0A5
:1042900040601043C5F88800A06B884203D1E868ED
:1042A00040F48010E860208800040FD5D5F888001D
:1042B000E16B20F040500843C5F88800E06BB0F196
:1042C000805F03D1E86840F48030E8603046BDE8A4
:1042D000F883000000100240007000402DE9F04714
:1042E0000E4605004FF0000725D0DFF8AC81D8F866
:1042F000000000F00F00B0420CD2D8F8001021F0FE
:104300000F013143C8F80010D8F8000000F00F008A
:10431000B04210D12968614CC80741F2883A5AD09E
:104320006868DFF87C91032808D0022820682DD027
:10433000400500282CDB0120BDE8F08720688001C3
:10434000F9D5E06800F00302E068C0F30310401CF8
:10435000032A19D0534A00BFB2FBF0F0E268C2F35F
:1043600006225043E268C2F34162521C5200B0FB85
:10437000F2F0484517D9A06810F0F00F0CD088076C
:1043800011D5A86840B10EE0474AE5E78003D0E7C1
:1043900000F0B6F8484506D9A06820F0F00040F0DB
:1043A0008000A0608027A068696820F003000843AF
:1043B000A060FFF7F5FA814606E000BFFFF7F0FACC
:1043C000A0EB090151453AD8A068696800F00C00DB
:1043D000B0EB810FF2D12868810714D5400703D5CF
:1043E000A06840F4E060A0602878000705D5A068C8
:1043F00020F4605040F4E060A060A068A96820F05C
:10440000F000084304E0802F03D1A06820F0F00002
:10441000A060D8F80010404601F00F01B14216D953
:10442000016821F00F0131430160FFF7B9FA074637
:1044300007E000BFFFF7B4FAC11B514501D90320C3
:104440007AE7D8F8000000F00F00B042F2D12878E7
:10445000400705D5A068E96820F4E0600843A06043
:104460002878000706D5A068296920F4605040EA42
:10447000C100A06000F044F8A1680C4AC1F3031128
:10448000515C01F01F01C8400949086009480068F3
:10449000BDE8F047FFF7F8BC0020024000100240E2
:1044A00000B4C4040024F40000127A005CAF0008D9
:1044B00014000020080000200548064900688968AB
:1044C000054AC1F30221515C01F01F01C840704749
:1044D00014000020001002406CAF00080548064997
:1044E00000688968054AC1F3C221515C01F01F01CF
:1044F000C840704714000020001002406CAF000854
:10450000184910B58868C0F381021748012A0BD0FA
:104510008A684310C2F38102022A06D08A68C2F375
:104520008102032A03D0002010BD184610BDCA68BE
:1045300002F00304CA68C2F30312521C032C02D017
:10454000B0FBF2F001E0B3FBF2F0CA68C968C2F355
:1045500006225043C1F34161491C4900B0FBF1F010
:1045600010BD0000001002400024F4002DE9F843C3
:1045700004007AD02078F84DC00747D0A868E968D1
:1045800000F00C0001F003010C2802D0082817D01D
:1045900001E0032914D06068B0F5803F17D0B0F572
:1045A000A02F286817D020F480302860286820F4D5
:1045B000802028606068E0B1FFF7F2F9064614E059
:1045C0002868800322D560680028D2D01EE02868C1
:1045D00040F48030EDE740F480202860F7E700BF2A
:1045E000FFF7DEF9801B642870D828688003F7D5B0
:1045F0000CE0FFF7D5F9064605E000BFFFF7D0F95C
:10460000801B6428F0D828688003F7D420788007BE
:104610004CD5A868E96800F00C0001F003010C28F3
:1046200002D004280DD001E002290AD0E068002859
:1046300028682BD040F480702860FFF7B1F9064657
:1046400019E02868400502D5E068002891D0686824
:10465000217C20F0FE4040EA01606860BF480068AD
:10466000FFF712FC002800D120E072E1FFF798F973
:10467000801B0228B8D828684005F7D56868217CD7
:1046800020F0FE4040EA016068600FE020F4807096
:104690002860FFF785F9064605E000BFFFF780F9BF
:1046A000801B0228A0D828684005F7D4207800078E
:1046B00029D560690028D5F8940013D040F0010096
:1046C000C5F89400FFF76CF9064606E090E000BFDD
:1046D000FFF766F9801B022886D8D5F8940080077A
:1046E000F6D510E020F00100C5F89400FFF758F966
:1046F000064604E0FFF754F9801B022878D8D5F865
:1047000094008007F6D42078400761D5A86D002674
:10471000C00008D4A86D40F08050A865A86D01269F
:1047200000F0805000908E480168C90511D40168DE
:10473000804641F480710160FFF732F9074604E0DA
:10474000FFF72EF9C01B022852D8D8F80000C00588
:10475000F6D5A068012815D00528D5F8900016D008
:1047600020F00100C5F89000D5F8900020F004007A
:10477000C5F89000A06841F28838B8B1FFF710F989
:1047800007460EE0D5F8900040F00100F0E740F059
:104790000400C5F89000F5E7FFF702F9C11B414599
:1047A00026D8D5F890008007F6D50CE0FFF7F8F88A
:1047B000074604E0FFF7F4F8C11B414518D8D5F8C7
:1047C00090008007F6D41EB1A86D20F08050A86537
:1047D0002078800629D5A0690028D5F8980013D044
:1047E00040F00100C5F89800FFF7DAF8064606E049
:1047F00075E000BFFFF7D4F8801B02286FD8D5F80A
:1048000098008007F6D510E020F00100C5F8980068
:10481000FFF7C6F8064604E0FFF7C2F8801B02283F
:104820005DD8D5F898008007F6D4E069F0B3A968A0
:10483000C1F3810103295DD00228286820F080702F
:10484000286003D0FFF7ACF804464BE0FFF7A8F868
:10485000064604E0FFF7A4F8801B02283FD828682A
:104860008001F7D4F4E908016FF00F0202EB0111A7
:104870000843218A5204490802EB4151A26841EAE7
:1048800002210843217D4FF07E42490802EB41613D
:104890000843217B40EAC160E968324A114008437D
:1048A000E860286840F08070286000E05EE0E8681A
:1048B00040F08070E860FFF773F8044605E000BF41
:1048C000FFF76EF8001B022809D828688001F7D589
:1048D0004CE000BFFFF764F8001B022802D9032058
:1048E000BDE8F88328688001F4D4E8681E490840D0
:1048F000E8603BE00128F3D0E868226A00F0030199
:10490000914226D1616A00F0F0020901103991420A
:104910001FD1A26A00F4FE41B1EB022F19D194F825
:104920002C2000F07841B1EBC26F12D1218E00F43F
:10493000C00249084905A1F50011914209D194F836
:10494000341000F0C06049084906A1F100718142AD
:104950000CD00120C4E70000001002400800002035
:10496000007000400C809F01FCFFEEFE0020B7E7C6
:1049700070B504004FF0010040D094F8250028B92C
:10498000002084F82400204600F040F8022084F83B
:1049900025002068C168C943C90630D5CA214162D3
:1049A000216853204862204602F012F810BB2068AC
:1049B0008169154A11408161216888696268A3692B
:1049C000104322691A43104388612189E06840EA54
:1049D000014021680861204602F01FF850B9D4E96F
:1049E0000721114322686369956925F060452B43CF
:1049F000194391612268FF21516208B170BD002006
:104A0000012184F8251070BDBFFF8FFB10B592B057
:104A1000044644216846FBF7A0FF104920688842FD
:104A200019D14FF400200090801210906846FFF7D3
:104A300011FB08B1FEF700FE094850F8901F41F441
:104A4000004140F83819016841F480610160006854
:104A500000F48060119012B010BD000000280040EA
:104A60000010024070B5044690F824000B4601285F
:104A70001BD0012684F82460022084F82500B2B1FE
:104A80009878D97840EA014558781978000240EAC8
:104A9000413005432168CA2048622168532048629A
:104AA000204601F095FFD0B120E0022070BD58787B
:104AB000C10603D500F0EF000A305870D87801F035
:104AC0007BFF0504587801F077FF45EA00259878C8
:104AD00001F072FF0543187845EA4035DAE70848E7
:104AE000054020684560204601F097FF2268FF21BD
:104AF000516208B984F82560002184F8241070BD43
:104B00003FFFFF002DE9F041044690F82400904655
:104B10000D46012811D0012784F82470022084F862
:104B200025002168CA204862216853204862204637
:104B300001F04EFF002618B129E00220BDE8F08107
:104B40002068B8F1000F80694FEA406024D0002847
:104B500000DBEE70A8782978EA7840EA01406978AD
:104B6000090241EA82510843184908402168086057
:104B70002068816921F480218161D5E9030108431E
:104B800021688A6910438861204601F046FF226847
:104B9000FF215162A0B115E0002800DBEE702878FB
:104BA00001F00AFF0304687801F006FF43EA0023DE
:104BB000A87801F001FF0343E87843EA8050D3E787
:104BC00084F8257084F82460B8E700007F7F7F00B8
:104BD00070B504460B482168C860FEF7E1FE054643
:104BE0004FF47A7607E000BFFEF7DAFE401BB042D2
:104BF00001D9032070BD2068C0688006F4D500206C
:104C000070BD00005F00010070B5040009D0606A4B
:104C1000002540B125616561A56294F85D0040B151
:104C20000CE0012070BD6068B0F5827FF4D0E561D2
:104C3000F2E784F85C50204600F05CF8022084F82B
:104C40005D002068016821F040010160E1684FF4D7
:104C5000E062914201D9002001E04FF48050B1F5AB
:104C6000706F02D0914200D0A562A188228901F420
:104C7000827102F404421143227C02F002021143C9
:104C8000227D02F001021143228B02F400721143D3
:104C9000227F02F03802114394F8202002F08002B3
:104CA0001143228D02F40052114322681160A16960
:104CB000042202EA114194F8242000F4805002F00A
:104CC0001002114394F8342002F008021143A28923
:104CD00002F4706211430143206841602068C16999
:104CE00021F40061C1612566012084F85D00002087
:104CF00070BD000010B586B0044614216846FBF76D
:104D00002CFE1249206888421ED11148016E41F4E0
:104D100080510166016E01F480510591C16C41F032
:104D20000101C164C06C694600F001000590E020FB
:104D30000090022001900020029003900520049032
:104D40004FF09040FEF7FEFC06B010BD0030014071
:104D5000001002402DE9F84F984616468A46044650
:104D6000FEF71EFE814694F85D00012820D1BAF1BD
:104D7000000F6FD0002E6DD094F85C00012817D082
:104D8000012784F85C70032084F85D000025256607
:104D9000C4F838A0A687E6872564A4F84450A4F890
:104DA00046502565E564A068B0F5004F03D00CE0DF
:104DB0000220BDE8F88F2068016821F04001016001
:104DC0002068016841F4804101602068016849065B
:104DD00003D4016841F040010160E068B0F5E06F84
:104DE000606826D908B1012E1FD1A06B2168008808
:104DF000C86006E020688168890709D5A16B098829
:104E0000C160A06B801CA063E08F401EE0870CE0B7
:104E1000FEF7C6FDA0EB0901414503D3B8F1FF3F02
:104E200003D04BE0B8F1000F48D0E08F0028E1D16B
:104E300039E008B1012E33D1E08F0128A06B03D9EE
:104E400021680088C86010E021680078087314E0C9
:104E5000E08725E043E020688168890713D5E18F6A
:104E60000129A16B07D90988C160A06B801CA063D0
:104E7000E08F801EECE709780173A06B401CA063F3
:104E8000E08F401EE4E7FEF78BFDA0EB09014145F2
:104E900003D3B8F1FF3F03D010E0B8F1000F0DD0FD
:104EA000E08F0028D7D14A464146204601F0DDFD7B
:104EB00008B120202066A06830B109E084F85D7058
:104EC00084F85C50032074E72068C1688068009013
:104ED00084F85D7004F85C5F60680028F3D00120FE
:104EE00067E710B5401EB0F1807F01D3012010BDEF
:104EF0004FF0E02460610F21601703F0F3FA002007
:104F0000A06107202061002010BD000030B590F89E
:104F10003C20012A42D0012280F83C20CA688B68DC
:104F200022F440721A434B6822F480621A430B68E1
:104F300022F400621A430B6922F480521A434B692F
:104F400022F400521A430B6B22F480421A430B8B5B
:104F500022F4702242EA0342CB6922F080521A43C3
:104F60000F4D03680024AB4202D00E4DAB4210D16E
:104F70000D8D22F4700242EA05520D6A22F0807211
:104F80002A434D6A22F000722A43C96A22F0005275
:104F90000A435A6480F83C40002030BD022030BDF6
:104FA000002C014000340140F0B590F83C20012A6B
:104FB0003AD0012580F83C50022280F83D20036859
:104FC0005A689C68194E1A4FB34201D0BB4204D1B3
:104FD00022F4700C4A6842EA0C02DFF858C002EA78
:104FE0000C02D1F800C04CEA020CC3F804C00268FD
:104FF000B2420DD0B2F1804F0AD00F4B9A4207D087
:105000000E4B9A4204D0BA4202D00D4B9A4204D1C0
:10501000896824F080031943916080F83D50002195
:1050200080F83C100846F0BD0220F0BD002C014085
:10503000003401408FFFFFFD0004004000080040E5
:105040000040014010B5040003D094F83D0010B1B9
:1050500007E0012010BD002084F83C00204600F04D
:1050600023F8022084F83D00211D206802F040FA58
:10507000012084F8480084F83E0084F83F0084F85A
:10508000400084F8410084F8420084F8430084F82A
:10509000440084F8450084F8460084F8470084F80A
:1050A0003D00002010BD000008B500680649884298
:1050B00008D10648016E41F400610166006E00F4FB
:1050C0000060009008BD0000002C0140001002406C
:1050D00070B5044690F83C000025012814D0012644
:1050E00084F83C60022084F83D0022689068364BCA
:1050F000184020F47F409060086870282ED010DCA3
:1051000010F00F0F03D021E04FF0020070BD4FEA06
:105110002012072A1AD2DFE802F0525252524A38BD
:1051200040002A4BC21A984249D009DCB0F5805F92
:105130000DD0B0F5005F1CD0B0F1101F06D13EE0DD
:10514000102A3CD0202A3AD0502A38D0012584F8A1
:105150003D60002084F83C00284670BDCB68D1E952
:105160000121206802F022FA2068816841F077016D
:1051700009E0CB68D1E90121206802F017FA206824
:10518000816841F480418160E1E7CA68496820682C
:1051900002F0B6FB5021206806E0CA684968206822
:1051A00002F0BFFB6021206802F00AFACFE7CA686C
:1051B0004968206802F0A4FB40212068F4E72268D7
:1051C00001461046F0E7000088FFCEFF20001000E7
:1051D00010B586B0044614216846FBF7BEFB0D49A6
:1051E0002068884214D10C48C16C41F00401C164AC
:1051F000C06C002100F00400059001200090022006
:10520000CDE90101CDE9031069460448FEF79AFA99
:1052100006B010BD002C01400010024000080048FC
:1052200070B5044690F83C0000260D4601280BD0CE
:10523000012084F83C000C2A4AD007DC82B1042A01
:1052400020D0082A06D131E0022070BD102A53D0A8
:10525000142A63D00126002084F83C00304670BD3B
:10526000206802F0B7F92068816941F00801816186
:105270002068816921F004018161206881692A69BF
:10528000114311E0206802F0F3F92068816941F4CC
:10529000006181612068816921F4806181612068F9
:1052A00081692A6941EA02218161D4E7206802F01C
:1052B00027FA2068C16941F00801C1612068C1690D
:1052C00021F00401C1612068C1692A69114311E01C
:1052D000206802F05DFA2068C16941F40061C16193
:1052E0002068C16921F48061C1612068C1692A69AF
:1052F00041EA0221C161AEE7206802F091FA20681C
:10530000016D41F0080101652068016D21F0040183
:1053100001652068016D2A69114311E0206802F0DF
:10532000B7FA2068016D41F4006101652068016DE4
:1053300021F4806101652068016D2A6941EA02213A
:10534000016588E710B5040003D094F83D0010B162
:1053500007E0012010BD002084F83C00204600F04A
:1053600022F8022084F83D00211D206802F0C0F8D8
:10537000012084F8480084F83E0084F83F0084F857
:10538000400084F8410084F8420084F8430084F827
:10539000440084F8450084F8460084F8470084F807
:1053A0003D00002010BD704790F88410012918D0EE
:1053B000012180F884102421C0F8881001680A684F
:1053C0000B6823F001030B6022F0005100224266BB
:1053D000036819602021C0F8881080F884201046E6
:1053E0007047022070477047704770B5044690F8C8
:1053F000840001281DD0012084F884002420C4F8F2
:10540000880020680568026822F0010202602068B6
:10541000826822F060620A438260204602F094FAB9
:10542000206805602020C4F88800002084F88400EB
:1054300070BD022070BD70B5044690F8840001284C
:105440001DD0012084F884002420C4F8880020683E
:105450000568026822F0010202602068826822F07A
:1054600060420A438260204602F06EFA20680560BE
:105470002020C4F88800002084F8840070BD022039
:1054800070BD7047704770472DE9F04103680446CE
:10549000D86919689A6840F60F0528424FF0000550
:1054A0004FF002060AD187067ED501F0200702F0F0
:1054B000805C57EA0C0777D0616F42E1B64FDFF8A6
:1054C000DCC2174001EA0C0C57EA0C0C6CD05FEA06
:1054D000C07C0CD05FEAC15C09D54FF0010CC3F869
:1054E00020C0D4F8903043F00103C4F89030830713
:1054F00009D5D30707D023681E62D4F8903043F053
:105500000403C4F8903043070AD5D30708D02668AF
:1055100004233362D4F8903043F00203C4F890308F
:1055200003070CD501F020033B4308D0266808236D
:105530003362D4F8903043F00803C4F89030030588
:105540000BD54B0109D526684FF400633362D4F8BC
:10555000903043F02003C4F89030D4F89030002B02
:105560003DD0800609D501F0200002F080510843AB
:1055700003D0616F09B120468847D4F890002168B4
:105580008968490602D410F0280F2AD0204602F07C
:10559000BFFA2068806840061ED52068083050E8B1
:1055A000001F21F0400100E021E040E80012002A45
:1055B000F3D1D4F8800078B179498163D4F88000C0
:1055C000FEF771F800280AD0D4F88000816B00E063
:1055D0002046BDE8F04108472046FFF754FFBDE8EC
:1055E000F0812046FFF74FFFC4F89050F7E7D4F85A
:1055F0006CC02027BCF1010F7ED15FEAC06C7BD567
:105600005FEAC16C78D51020186220688068400677
:1056100051D5D4F880100A6850680004000C3ED0C0
:10562000B4F85C3083423AD9A4F85E000868006898
:1056300080062CD4216851E8000F20F4807041E8E6
:105640000002002AF6D12068083050E8001F21F03F
:10565000010140E80012002AF5D12068083050E826
:10566000001F21F0400140E80012002AF5D1C4F8E3
:105670008C70E566216851E8000F20F0100041E8C9
:105680000002002AF6D1D4F88000FDF7D7FF266784
:10569000B4F85C00B4F85E10401A81B207E0B4F8C8
:1056A0005C1081429BD11068800698D52667204601
:1056B000FFF799FE93E7B4F85C00B4F85E10401A67
:1056C00081B2B4F85E00002889D0002987D0226812
:1056D00052E8000F20F4907042E80003002BF6D14E
:1056E0002D4BDB432068083050E8002F1A4040E87B
:1056F000002CBCF1000F00E00EE0F3D1C4F88C7078
:10570000E5666567206850E8002F22F0100240E847
:105710000023002BF6D1C9E7C60209D5560207D5EA
:105720004FF4801018622046BDE8F041FFF7AABE92
:1057300003060AD501F0800302F40002134304D0EB
:10574000A16F00297FF444AF49E7420611D54A060C
:105750000FD52046016851E8002F22F0400241E8B1
:105760000023002BF6D1C0F88870856700F059F946
:1057700035E7020206D54A0004D52046BDE8F041CF
:10578000FFF77FBEC00195D5002993DA2046BDE81A
:10579000F041FFF729BE00000100001020010004C5
:1057A000017B000810B5040003D0D4F8880010B1C4
:1057B00007E0012010BD002084F88400204600F09E
:1057C00027F82420C4F888002068016821F001012E
:1057D0000160A06A10B1204602F0D8F8204602F01D
:1057E00029FC0128E6D02068416821F490414160FD
:1057F0002068816821F02A0181602068016841F0F9
:10580000010101602046BDE8104002F023B900000C
:105810002DE9F04198B00446142111A8FBF79DF83A
:1058200044216846FBF799F82F4920682F4C02263F
:105830000727DFF8BC800025884225D10120CDE96B
:1058400000056846FEF706FC08B1FDF7F5FE206E80
:1058500040F480402066206E00F480401690E06C9A
:1058600040F00200E064E06CCDE9126500F0020057
:105870001690C020CDE91457119011A94046FDF7AC
:1058800061FF18B0BDE8F0811A498842F9D10420BF
:10589000009003956846FEF7DDFB08B1FDF7CCFEEE
:1058A000A06D40F48020A065A06D00F480201690CB
:1058B000E06C40F00200E064E06CCDE9126500F0BD
:1058C000020016904FF44060CDE91457119011A9D1
:1058D0004046FDF737FF002205212720FEF722FB77
:1058E0002720FEF711FBCCE70038014000100240F2
:1058F000000400480048004030B4D0F88C30202B21
:1059000002D0022030BC7047A9B1A2B10023C36607
:105910000A4C0368A3420BD05B681B0208D50468DD
:1059200054E8003F43F0806344E80035002DF6D191
:1059300030BC02F0B9BC0120E4E700000080004068
:1059400010B50068084988420DD1FEF729F80749CB
:1059500048600878FDF7C8FDBDE810400122034902
:105960000348FFF7C9BF10BD0048004000000020F9
:105970000C0300202DE9F8430446D0F8880098462F
:1059800016460D46202802D00220BDE8F883A5B1B6
:105990009EB10020C4F890002120C4F8880018347B
:1059A000FDF7FEFFA6878146E68754F8100C2027F6
:1059B000183CB0F5805F02D003E00120E5E72069E4
:1059C00010B12E46002510E000260EE08021204672
:1059D00002F0F2FCC0B9DEB116F8010B2168886252
:1059E000B4F85600401EA4F85600B4F856004B46D2
:1059F0004FF00002CDF800800028E7D14FF04001C1
:105A0000204602F0D9FC40B1C4F888700320BCE7FE
:105A100035F8020BC0F30800E0E7C4F888700020F6
:105A2000B3E77047FEE701688A69D243920701D461
:105A300000228A6200688169C943C90703D081696D
:105A400041F00101816170472DE9F047044600688B
:105A500089460026816935461746C9064FF0200859
:105A600041D51021C1612FE0B9F1FF3F2CD0FDF7E6
:105A700097FFC11B494502D8B9F1000F24D1206816
:105A8000416894F8422001F480418369DB431B04A0
:105A900015D4B1F5804F12D0202A10D0416841F4BE
:105AA00080414160FDF77CFF074608E0FDF778FF85
:105AB000C01B192803D945F02005012604E0206801
:105AC0008069C0438006F1D420688069C0438006A5
:105AD00002D5002EC8D003E016B92168C1F81C8099
:105AE00045F00405012621688869C20505D54FF4F3
:105AF000807245F00105CA610126410509D5226879
:105B00004FF4806145F00805D1610126800502D47B
:105B10000AE0800507D521684FF4007045F00205C2
:105B2000C861012600E086B12046FFF77CFF54F8EB
:105B3000240B4168064A11404160206A28432062D4
:105B400084F81D800020A07720773046BDE8F087DC
:105B500000E800FE10B5C1F3090141EA0241026804
:105B6000029C19432143506821F000414FF48063A7
:105B700003EA5453024C234398430843506010BD3A
:105B8000FF63FF032DE9F0411D4617460E4604460C
:105B9000DDF8188027E0424629462046FFF754FFEB
:105BA00010B10120BDE8F081681C1CD0FDF7F8FEA3
:105BB000A0EB0800A84200D8ADB92068806936EA99
:105BC00000000ED00020B8420DD154F8440F40F030
:105BD000200044F80409202060700020A07020708C
:105BE000DFE70120EFE72068806936EA000004D093
:105BF0000020B842CFD00020D4E70120F9E7000010
:105C00002DE9F04700259146884604462E46202778
:105C10003DE04A4641462046FFF716FF00B1012508
:105C200020688169C943890619D4C5B98169816928
:105C3000C943C90612D41021C161042060642068E0
:105C4000C76120684168174A1140416084F841707B
:105C500084F8426084F84060012500E06664FDF746
:105C60009FFEA0EB0901414502D8B8F1000F0ED10B
:105C70006DB920688069C043400708D5606C40F06A
:105C80002000606484F8417084F840600125206839
:105C90008069C043400701D5002DBAD02846BDE831
:105CA000F087000000E800FE70B516460D46044679
:105CB0001EE0324629462046FFF7C6FE08B1012005
:105CC00070BDFDF76DFE801BA84200D885B9206825
:105CD0008069C04380060BD554F8440F40F0200083
:105CE00044F80409202060700020A0702070E6E7CE
:105CF00020688069C0438006DBD4002070BD70B589
:105D000016460D46044620E0324629462046FFF757
:105D10009BFE08B1012070BD681C16D0FDF740FE47
:105D2000801BA84200D885B920688069C0438007DD
:105D30000BD554F8440F40F0200044F8040920200B
:105D400060700020A0702070E4E720688069C04384
:105D50008007D9D4002070BD1BA0FAF7CDFB4FF40B
:105D60007A764FF090447510FDF7B2F9032813D0FE
:105D7000052802D0062808D11DE00122082120466E
:105D8000FDF709FE284603F0C3F80022082120464B
:105D9000FDF701FE284614E0012208212046FDF708
:105DA000FAFD642003F0B4F8002208212046FDF734
:105DB000F2FD642005E0012208212046FDF7EBFDFD
:105DC000304603F0A5F8CFE75B4C45445461736B54
:105DD0005D20537461727465640D0A0010B5044649
:105DE0002DED028B90ED040AD0ED060A20EE000A9C
:105DF00000EEA00A03F00EF8F0EE400A94ED050A5A
:105E000002F080FB9FED0D8ADFED0D8A20EE080A7F
:105E1000C0EE280AC4ED0B0A94ED040AD4ED060A7C
:105E2000B1EE400A02F06EFB20EE080AC0EE280A2E
:105E3000C4ED0C0ABDEC028B10BD00000000344321
:105E4000DB0F494010B500F0B7F8682801D00120F9
:105E500010BD00216B2000F0DFF80A20FDF760FC88
:105E600001216B2000F0D8F80A20FDF759FC6321CE
:105E7000192000F0D1F803211A2000F0CDF80020FD
:105E800000F0C0F8002000F0C2F800216C2000F003
:105E9000C3F86420FDF744FC002010BD2DE9FF414C
:105EA00004460E2269463B2000F092F818B101200A
:105EB00004B0BDE8F081BDF8000040BA00B2208017
:105EC000BDF8021000EE100A49BA0FB26780BDF8A3
:105ED0000410364849BA0EB2A680BDF80610B8EED6
:105EE000C00A49BA0DB2A581BDF8081049BA0BB273
:105EF000E380BDF80A1049BA0AB22281BDF80C103D
:105F000049BA09B2618194F834C000EB8C00D0ED3D
:105F1000000A80EE201A00EE107AB8EEC00A84ED76
:105F2000041AD0ED000A80EE201A00EE106AB8EED6
:105F3000C00A84ED051AD0ED000A1C4880EE201A34
:105F400000EE103A1030B8EEC00A84ED061A94F84C
:105F5000353000EB8300D0ED000A80EE201A00EE11
:105F6000102AB8EEC00A84ED071AD0ED000A80EEC0
:105F7000201A00EE101AB8EEC00A84ED081AD0ED0F
:105F8000000A002080EE201A00EE105AF8EEC00A37
:105F900084ED091A9FED061A80EE810ADFED050AED
:105FA00030EE200A84ED0A0A82E7000004B00008FF
:105FB0000000AA43B81E124208B5012269467520A6
:105FC00000F006F808B1002008BD9DF8000008BDEB
:105FD00077B581B015460E466424012301AAD0216D
:105FE00007480094FDF726FE002806D12B463246CE
:105FF000D12103480094FDF78BFD04B070BD000073
:10600000F8000020C006010E1C2000F005B8C006F4
:10601000010E1B20AFF300801CB502238DF8040095
:1060200064208DF80510009001AAD0210148FDF7E9
:1060300001FE1CBDF8000020ADF5007D0026B04635
:1060400034464FF0050AB346374685A0FAF754FAAE
:106050004FF47A7002F05CFF42F21079FDF7A0FC79
:10606000C11B49450BDD002003F032FD01466428C9
:1060700002D281A0FAF740FAFDF792FC0746FDF73D
:1060800027F807285DD2DFE800F00404131A9762AE
:10609000A30084A0FAF730FAFDF76CFA58B189A092
:1060A000FAF72AFAFDF7AAF94FF4FA6002F030FF86
:1060B0004FF4FA7048E08CA0FAF71EFAF8E7B8F14E
:1060C000000F79D18DA0FAF717FA40F25B752946D7
:1060D00093A0FDF799F828B1641CE4B2524621461A
:1060E00093A009E029468EA0FDF766F8B8B1641CBC
:1060F000E4B25246214697A0FAF7FEF950465445BD
:1061000020D301469DA0FAF7F7F9FDF777F90024AF
:10611000264640F6B83000BF02F0FAFE63E02A4699
:106120007FA1A4A0FAF7E8F90021A9A0FDF702F9E0
:1061300001230022ACA1AEA0FDF7D2F84FF0010878
:10614000002439E040F6B83002F0E2FE34E0AE4818
:106150006421006902F04CFF00281FD14FF4007148
:10616000684600F03BFF002500231A466946A7A0B9
:10617000FDF7B6F810B36D1CEDB203222946A9A0B5
:10618000FAF7BAF94FF4FA7002F0C2FE032DEBD31E
:106190000321AEA0FAF7B0F94FF00008FDF700FCBC
:1061A000A0EB0B0047F23051884203DD96480069AE
:1061B00002F098FFFDF7E0F8AEB13CE06946AEA012
:1061C000FAF79AF9FDF7ECFB8346032DE0D2E5E7F9
:1061D000AFA0FAF791F9FDF711F90026B046344661
:1061E0004FF4FA6098E7FCF773FF022834D2B1A1AC
:1061F000B4A0FAF781F9BBA1AEA0FDF78DF9A8B163
:10620000641CE4B252462146BBA0FAF775F9504629
:10621000544506D30146C348FAF76EF9FDF7EEF888
:10622000002440F6B83002F073FE15E0BEA0FAF785
:1062300063F901260024FDF7D5F968B9FCF748FF9A
:10624000032803D0FCF744FF052805D1BCA0FAF7CA
:1062500053F90026B0463446642002F059FEFDE6AC
:106260005B4D5154545461736B5D2053746172746F
:1062700065640D0A000000005B4D51545454617375
:106280006B5D205761726E696E673A204C6F7720A4
:10629000737461636B20256C7520776F7264730D66
:1062A0000A0000005B4D5154545D20496E697469C9
:1062B000616C697A696E6720576946692E2E2E0DCA
:1062C0000A0000005B4D5154545D20576946692017
:1062D000496E6974206661696C65642C207265740E
:1062E00072792E2E2E0D0A005B4D5154545D2057AD
:1062F000694669204154204F4B0D0A005B4D5154B3
:10630000545D20436F6E6E656374696E6720746FB1
:106310002062726F6B65722E2E2E0D0A0000000037
:106320003139322E3136382E312E313030000000E6
:106330005B4D5154545D20496E6974206661696CEF
:1063400065642C2072657472792025642F25640D94
:106350000A0000005B4D5154545D20436F6E6E6522
:106360006374206661696C65642C2072657472794F
:106370002025642F25640D0A000000005B4D515458
:10638000545D20436F6E6E656374696F6E20666145
:10639000696C65642061667465722025642072658D
:1063A00074726965732C2072657365742E2E2E0DC0
:1063B0000A0000005B4D5154545D20436F6E6E65C2
:1063C0006374656420746F2025733A25640D0A0098
:1063D0006D65646963696E652F626F783030312F47
:1063E000636F6E74726F6C006F6E6C696E65000027
:1063F0006D65646963696E652F626F783030312F27
:106400007374617475730000980000206D65646991
:1064100063696E652F626F783030312F73656E73EC
:106420006F7273005B4D5154545D205075626C69FE
:106430007368206661696C65642C2072657472797A
:106440002025642F25640D0A000000005B4D515487
:10645000545D205075626C697368206661696C6573
:1064600064206166746572202564207265747269A7
:1064700065730D0A000000005B4D5154545D2050BF
:1064800075626C69736865643A2025730D0A0000B3
:106490005B4D5154545D204572726F72207374616C
:1064A00074652C20726573657474696E672E2E2E68
:1064B0000D0A0000596F7572576946695353494474
:1064C000000000005B4D5154545D20436F6E6E65BB
:1064D0006374696E6720746F20576946693A202596
:1064E000730D0A00596F757257694669506173736D
:1064F000776F7264000000005B4D5154545D20576B
:1065000069466920436F6E6E656374206661696CCD
:1065100065642C2072657472792025642F25640DC2
:106520000A0000002CB500085B4D5154545D205703
:1065300069466920436F6E6E65637465640D0A0079
:106540005B4D5154545D20576946692064697363FB
:106550006F6E6E65637465640D0A00002DE9F04787
:1065600086B014216846FAF7F8F94048C16C41F04A
:106570002001C164C16C01F020010591C16C41F0A2
:106580000401C164C16C01F004010591C16C41F0CA
:106590000101C164C16C01F001010591C16C41F0C0
:1065A0000201C164C16C01F002010591C16C41F0AE
:1065B0000801C164C06C4FF0904700F008000590DE
:1065C000002218213846FDF7E6F9DFF8A48041F2F1
:1065D0003006002231464046FDF7DDF9DFF89490A1
:1065E000002209214846FDF7D6F9DFF88CA00022E9
:1065F00004215046FDF7CFF9182000900125002412
:10660000CDE90154694638460394FDF79BF800969E
:10661000CDE90154694640460394FDF793F80920FB
:106620000090CDE90154694648460394FDF78AF885
:106630004FF46040CDE90004694648460294FDF7F6
:1066400081F84020CDE90004694640460294FDF7F8
:1066500079F804200090CDE901546946504603942E
:10666000FDF770F806B0BDE8F087000000100240AA
:106670000008004800040048000C0048134810B50A
:10668000114901601249416000210122C0E9021252
:10669000016141618161C1610162FDF7DBF908B10E
:1066A000FCF7CAFF00210948FDF780F908B1FCF7A3
:1066B000C3FF00210548FDF7A4F9002803D0BDE879
:1066C0001040FCF7B9BF10BD00580040F800002092
:1066D000C285B240134810B51149016012494160AA
:1066E00000210122C0E90212016141618161C161A1
:1066F0000162FDF7AFF908B1FCF79EFF00210948E0
:10670000FDF754F908B1FCF797FF00210548FDF7A4
:1067100078F9002803D0BDE81040FCF78DBF10BD0C
:10672000007800404C010020C285B24010B586B010
:1067300014216846FAF711F91E4800241C490594F3
:10674000C0E900147F218160FF21C0E903144FF0EC
:1067500080414461C0E906410462FEF709F908B1CD
:10676000FCF76AFF8DF800408DF801408DF802407B
:1067700001940394012269460E480494FEF7C2F97D
:1067800008B1FCF759FF01208DF814008DF81500B1
:106790008DF8160002468DF8174005A90548FEF74A
:1067A00061F9002801D0FCF747FF06B010BD0000DA
:1067B00000280040A0010020124810B510490160D7
:1067C0004FF48271416000214FF4E062C0E902128F
:1067D0004FF400720161C0E905122822C0E90721C7
:1067E00007224162C0E90A12016308214163FEF7F2
:1067F0000BFA002803D0BDE81040FCF71DBF10BD08
:1068000000300140C801002010B59CB0002419944C
:106810001A9417941894149415941C210DA8169486
:10682000FAF79BF834216846FAF797F82C482B4979
:106830000160A921C0E901146321C0E90314446186
:106840008461FEF7FFFB08B1FCF7F6FE4FF48050C1
:10685000179017A92248FEF73BFC08B1FCF7ECFEA5
:106860001F48FEF76FFD08B1FCF7E6FE149415947F
:1068700014A91B481694FEF797FB08B1FCF7DCFE41
:1068800060200D903120CDE90E04109411941294E3
:1068900000220DA912481394FEF7C2FC08B1FCF7C0
:1068A000CBFE00944FF40050CDE904400394000364
:1068B000CDE9084001940294069407940A940B943D
:1068C000694607480C94FEF721FB08B1FCF7B4FEBB
:1068D0000348FEF77DFC1CB010BD0000002C0140F9
:1068E0002C020020184810B5164901604FF4E13120
:1068F0004160002181600C22C160C0E90412816105
:10690000C161016241628162FEF74CFF08B1FCF790
:1069100093FE00210C48FEF78EFD08B1FCF78CFEBB
:1069200000210948FEF761FD08B1FCF785FE064825
:10693000FEF73AFD002803D0BDE81040FCF77CBE0E
:1069400010BD00000038014078020020184810B542
:10695000164901604FF4E1314160002181600C2251
:10696000C160C0E904128161C1610162416281625A
:10697000FEF718FF08B1FCF75FFE00210C48FEF798
:106980005AFD08B1FCF758FE00210948FEF72DFD1D
:1069900008B1FCF751FE0648FEF706FD002803D0BB
:1069A000BDE81040FCF748BE10BD000000480040A4
:1069B0000C030020FEE7FEE70022014602E00A3950
:1069C000C9B2521C0A29FAD2100741EA1060704776
:1069D0002DE9F041044600680025C168490619D434
:1069E000C16841F08001C160FCF7DAFF06464FF450
:1069F0007A78032708E000BFFCF7D2FF801B4045F0
:106A000002D9032584F825702068C068400601D4A7
:106A1000032DF1D12846BDE8F08170B50446006829
:106A20000025C16821F08001C160206881694FF0B4
:106A30000306890607D42046FEF7CAF898B184F801
:106A4000256003250FE0816921F020018161204646
:106A5000FEF7BEF810B184F825600325206881692F
:106A600041F020018161284670BDF8B515460E46FB
:106A70000B460092044600224FF4C05100F01AF871
:106A800088B93346002280212046009500F082F824
:106A900048B9334600224FF4C0612046009500F00B
:106AA00009F8002804D0206E40F020002066032062
:106AB000F8BD00002DE9FE4F4FF0000A984617463A
:106AC0000E4604460C9D8DF804A0FCF769FF411B9F
:106AD000A8EB0105FCF764FF814620684FF4C06B0A
:106AE0000C3002902A480068C0EBC00000EB800028
:106AF000000D6843009043E05E4506D12FB902982F
:106B000000788DF804009DF80400B8F1FF3F37D0FD
:106B1000FCF746FFA0EB0900A84203D215B100988C
:106B200058B32BE02068416821F0E00141606068C3
:106B3000B0F5827F0BD1A068B0F5004F02D0B0F560
:106B4000806F04D12068016821F040010160A06AD3
:106B5000B0F5005F09D12068016821F4005101609F
:106B60002068016841F400510160012084F85D0053
:106B700084F85CA00320BDE8FE8F0025401E009035
:106B8000206880683040B842B6D10020F3E70000AA
:106B9000140000202DE9F8431E469146884604461D
:106BA000089DFCF7FDFE401B351AFCF7F9FE074671
:106BB00025480068C0F3CB30684338E0701C37D0FC
:106BC000FCF7EEFEC01BA84203D215B1009860B3DB
:106BD0002CE02068416821F0E00141606068B0F578
:106BE000827F0BD1A068B0F5004F02D0B0F5806F66
:106BF00004D12068016821F040010160A06AB0F56D
:106C0000005F09D12068016821F40051016020680B
:106C1000016841F400510160012084F85D0000200A
:106C200084F85C000320BDE8F8830025401E009036
:106C30002068816838EA010004D000214945BDD1AF
:106C40000020F0E70121F9E7140000202DE9FF4FB3
:106C500082462A4899B08946D0F800B0269E002086
:106C6000A2F120015F2900D33F22BAF1F00F42D2F6
:106C7000B9F1F00F3FD20AF10501189189B2F0295C
:106C800039D209F1070E1FFA8EF1F02933D24FEAFB
:106C9000C208002301256946A8F5807808EB0304A3
:106CA0005FF000021BF80470C2F1070C05FA0CF447
:106CB0003C4201D01C9C00E034464FEA142C01F801
:106CC00000C0401C521C0C54401C052AECD3320A54
:106CD0000A54401C5B1C0E54401C082BDED3189831
:106CE0001FFA8EF382B24946504600F025F9602122
:106CF000684600F05FF91DB0BDE8F08FE4000020A9
:106D00002DE9F8439946DDF8208016000746054630
:106D10000C461BD017E00A2A0CD04B4621462846C9
:106D2000CDF80080FFF792FFAD1DADB2681D80B2B7
:106D3000F02802D30A343D46A4B204F1080080B220
:106D4000F02803D2761C3278002AE4D1BDE8F8831B
:106D500070B50021A0B0030A4FF461446A46C0B286
:106D600053545518891C68708029F9D3EF230021EA
:106D70001A46084600F0E0F8012220210A48FCF7F4
:106D80000AFE4FF6FF7601E0402C01D9402500E0D5
:106D9000A5B206EA4502642369460448FDF7DAFF16
:106DA000641BF1D120B070BD00080048C80100206C
:106DB0007CB55D4C002201212046FCF7ECFD5B4DCB
:106DC000002210212846FCF7E6FD1420FCF7A8FC61
:106DD000012210212846FCF7DEFD1420FCF7A0FC60
:106DE000362000F0D5F85248012100788DF80000D7
:106DF000684600F0DFF83A2000F0CAF805208DF868
:106E000000000121684600F0D5F8B22000F0C0F87B
:106E10000C218DF800108DF8011000208DF8020073
:106E200033218DF803108DF804100521684600F019
:106E3000C1F8B72000F0ACF835208DF80000012132
:106E4000684600F0B7F8BB2000F0A2F819208DF8D2
:106E500000000121684600F0ADF8C02000F098F86D
:106E60002C208DF800000121684600F0A3F8C22014
:106E700000F08EF801208DF800000146684600F011
:106E800099F8C32000F084F812208DF80000012149
:106E9000684600F08FF8C42000F07AF820208DF8C2
:106EA00000000121684600F085F8C62000F070F867
:106EB0000F208DF800000121684600F07BF8D020FB
:106EC00000F066F8A4208DF80000A1208DF80100E4
:106ED0000221684600F06EF8E02000F059F80E211B
:106EE000144800F067F8E12000F052F811480E2134
:106EF0000E3000F05FF8212000F04AF8112000F079
:106F000047F87820FCF70CFC292000F041F8142009
:106F1000FCF706FC0020FFF71BFF0122114620466C
:106F2000FCF739FD7CBD0000000400480008004863
:106F3000E000002024B00008F8B507461C461546BE
:106F40000E462A2000F024F8380A8DF800008DF84B
:106F50000170280A8DF802008DF80350042168465C
:106F600000F028F82B2000F013F8300A8DF800000C
:106F70008DF80160200A8DF802008DF8034004218D
:106F8000684600F017F82C2000F002F8F8BD000069
:106F900001B5002220210548FCF7FDFC64230122F5
:106FA00069460348FDF7D6FE08BD0000000800480A
:106FB000C801002070B50C46054601222021054875
:106FC000FCF7E9FC22462946BDE8704064230248EC
:106FD000FDF7C0BE00080048C80100202DE9F34FAE
:106FE0003F4C9DB08B46606B03F02CFF80460E46F5
:106FF000206B03F027FF05460F46E06A03F022FFEF
:10700000CDE91001A06A03F01DFFCDE90E01606A11
:1070100003F018FFCDE90C01206A03F013FFCDE95E
:107020000A01E06903F00EFFCDE90801A06903F051
:1070300009FFCDE90601606903F004FFCDE9040111
:10704000206903F0FFFECDE90201E06803F0FAFEDB
:10705000CDE90001A06803F0F5FE81468A4660682C
:1070600003F0F0FE0A460146207800F06FF8034670
:1070700094F83C00CDE91B6018A880E8A001DDE988
:107080001056CDE91656DDE90E56CDE91456DDE968
:107090000C56CDE91256DDE90A56CDE91056DDE968
:1070A0000856CDE90E56DDE90656CDE90C56DDE968
:1070B0000456CDE90A56DDE90256CDE90856DDE968
:1070C000005602A8009380E80606CDE90656054A58
:1070D0005946A36B1D98F9F71BFA1FB0BDE8F08F56
:1070E000F0200020E0B500081048416BB1F17C5F52
:1070F00001DD0220704790ED0B0A0D49B0EEC00A89
:1071000010EE102A8A4207DC90ED0C0AB0EEC00A9D
:1071100010EE102A8A4201DD03207047C06905493C
:10712000884201DA0120704700207047F0200020DB
:107130000000F0413333333F002803D0402202499E
:10714000F9F7AFBB70470000F020002038B10128EC
:1071500007D0022807D0032807D005A0704706A053
:10716000704707A0704708A0704709A0704700004B
:10717000756E6B6E6F776E00636C6F736564000085
:107180006F70656E656400006D6F76696E670000F4
:1071900074696C746564000010B5032406E000BFD8
:1071A000FEF750FE28B16420FCF7BAFA641EE4B280
:1071B000F6D20224FBF76AF928B16420FCF7B0FA92
:1071C000641EE4B2F6D20224FBF79CFB28B16420D3
:1071D000FCF7A6FA641EE4B2F6D278210748F9F764
:1071E000BCFB074800244021047044700348403829
:1071F000F9F7B3FB01484038047010BD302100207E
:10720000DE0000202DE9F0410025564C2F460326D4
:1072100054486438FEF742FE002852D07F1CFFB26B
:107220000A20FCF77DFAB742F2D3B74205D345F006
:10723000010531464CA0F9F75FF9DFF828810027F6
:10724000A8F12C084748C8212C38FBF793F90028EF
:1072500065D07F1CFFB20A20FCF762FAB742F1D377
:10726000B74205D345F0020531464BA0F9F744F982
:1072700000273C481838FBF7B9FB002854D07F1C86
:10728000FFB20A20FCF74CFAB742F2D3B7420BD355
:1072900045F0040531464CA0F9F72EF9A80703D4B0
:1072A00098ED040A84ED010AFFF71EFF2070FCF739
:1072B00077FBA06395B3002084F83C002846BDE826
:1072C000F08128486438FEF789FD2648643890ED3F
:1072D000040A84ED050AD0ED050AC4ED060A90ED16
:1072E000061A84ED071AD0ED071AC4ED081AD0ED7E
:1072F000081AC4ED091AD0ED091AC4ED0A1AD0ED26
:107300000B1AC4ED0B1AD0ED0C1AC4ED0C1A01F0D7
:10731000A3F8FBF713FC84ED0D0A86E720E098ED57
:10732000030A84ED020A9BE70E481838A90790ED7E
:10733000040A84ED030A90ED050A84ED040A0AD4D8
:1073400098ED040AD0ED030A30EE200AF6EE000AAA
:1073500020EE200A01E090ED030A84ED010A95E792
:107360000120A9E7F02000205B53656E736F725D0A
:10737000204D50553630353020726561642066618D
:10738000696C65642061667465722025642072658D
:1073900074726965730D0A005B53656E736F725D7D
:1073A0002041485432302072656164206661696C06
:1073B000656420616674657220256420726574724C
:1073C0006965730D0A0000005B53656E736F725D33
:1073D00020424D5032383020726561642066616908
:1073E0006C65642061667465722025642072657422
:1073F000726965730D0A0000002410A0F9F77CF88B
:10740000144D41F2883600BFFFF7FCFEFCF7C8FAC6
:10741000001BB0420ED3FBF75BFE052807D100210D
:10742000286901F0E5FD10B1286901F05BFEFCF769
:10743000B7FA0446642001F06BFDE5E75B53656E27
:10744000736F725461736B5D205374617274656401
:107450000D0A00009800002010B5FCF7FDFC03F0B9
:10746000CDFA012803D0BDE8104002F02DBE10BDBA
:1074700000B593B038216846F9F76FFA14210EA8C9
:10748000F9F76BFA0020FCF77FFD0A2000904FF41B
:107490008070039040200490012005900220042178
:1074A000CDE908015521CDE90A1007900C900D9007
:1074B0006846FDF75BF808B172B6FEE70F200E9044
:1074C00003200F90002010901190129004210EA81C
:1074D000FCF704FF002801D072B6FEE713B000BD30
:1074E0000248016841F470010160704788ED00E0D6
:1074F0002DE9F0430268264B264D274E274C4FF0CE
:107500008049984207D0484505D0A84203D0B042F0
:1075100001D0A04203D122F070074A683A43204FBD
:10752000DFF880C0DFF8808098420DD048450BD04E
:10753000A84209D0B04207D0A04205D0B84203D03B
:10754000604501D0404503D122F44075CA682A4302
:107550004D6922F080022A4302608A68C2620A688A
:107560008262984207D0A04205D0B84203D060455D
:1075700001D0404501D109690163012141610169DF
:10758000C90703D0016921F001010161BDE8F08361
:10759000002C01400004004000080040003401407D
:1075A00000400140004401400048014010B584689B
:1075B00042EA032224F47F440A432243826010BD3E
:1075C0008268034B1A400A4342F00701816070470A
:1075D0008FFFCFFF2DE9F043056A026A22F0010216
:1075E0000262436882691C4C25F0020522400C6847
:1075F00022F0030214438A68194E2A43174D194F8B
:10760000DFF864C0DFF86490A84207D0B04205D02C
:10761000B84203D0604501D0484506D122F00808A1
:10762000CA6842EA080222F00402A84207D0B04227
:1076300005D0B84203D0604501D0484505D14D6919
:1076400023F440731D438B692B4343608461496875
:1076500041630262BDE8F0838FFFFEFF002C014012
:107660000034014000400140004401400048014016
:10767000F0B5056A026A22F010020262426883696C
:10768000194C1B4E23400C6823F4407343EA042436
:1076900025F020038D6843EA0513144DA84201D05C
:1076A000B04206D1CF6823F0800343EA071323F0EA
:1076B0004003A8420AD0B04208D00E4DA84205D0DF
:1076C0000D4DA84202D00D4DA84207D14D6922F4BC
:1076D000406242EA85028D6942EA85024260846125
:1076E000496881630362F0BDFF8FFFFE002C0140FB
:1076F0000034014000400140004401400048014086
:10770000F0B5056A026A22F4807202624368C269B7
:10771000194C1B4E22400C6822F00302144325F43E
:1077200000728D6842EA0522144DA84201D0B04291
:1077300006D1CF6822F4006242EA072222F4806276
:10774000A8420AD0B04208D00E4DA84205D00E4D36
:10775000A84202D00D4DA84207D14D6923F44053F1
:1077600043EA05138D6943EA05134360C461496820
:10777000C1630262F0BD00008FFFFEFF002C0140DC
:1077800000340140004001400044014000480140F5
:10779000F0B5056A026A22F4805202624268C36947
:1077A000194C1B4E23400C6823F4407343EA042415
:1077B00025F400538D6843EA0533144DA84201D0E7
:1077C000B04206D1CF6823F4004343EA073323F4E1
:1077D0008043A8420AD0B04208D00E4DA84205D03E
:1077E0000D4DA84202D00D4DA84207D14D6922F49B
:1077F000404242EA85128D6942EA85124260C461C4
:10780000496801640362F0BDFF8FFFFE002C014058
:107810000034014000400140004401400048014064
:1078200030B5056A026A22F4803202624268036D52
:10783000114C23400C681C4325F400330D8943EAA6
:1078400005430E4DA8420BD00D4DA84208D00D4D5A
:10785000A84205D00C4DA84202D00C4DA84204D13C
:107860004D6922F4803242EA05224260046549688B
:107870008164036230BD00008FFFFEFF002C0140D9
:1078800000340140004001400044014000480140F4
:1078900030B5046A026A22F4801202624268036D03
:1078A000114D24F400142B400D6843EA05230D8983
:1078B00044EA05540D4DA8420BD00D4DA84208D006
:1078C0000C4DA84205D00C4DA84202D00B4DA84249
:1078D00004D14D6922F4802242EA85224260036588
:1078E0004968C164046230BDFF8FFFFE002C014077
:1078F0000034014000400140004401400048014084
:1079000010B5036A046A24F001040462846924F057
:10791000F00444EA021423F00A020A43846102627A
:1079200010BD10B5036A046A24F01004046284696F
:1079300023F0A00324F4704444EA023243EA011124
:107940008261016210BD000030B5416EB9B10268BC
:1079500091689268C1F342610B4B520F9C5CE50049
:1079600003F10804A25CB5FBF2F2A0F86A205A5CAD
:10797000615CD200B2FBF1F1A0F8681030BD0121CA
:10798000A0F86A10F8E700004CAF000890F8281043
:10799000090706D501684A68836B22F400421A433E
:1079A0004A6090F82810C90706D001684A68C36A7F
:1079B00022F400321A434A6090F82810890706D54D
:1079C00001684A68036B22F480321A434A6090F8D7
:1079D0002810490706D501684A68436B22F48022C3
:1079E0001A434A6090F82810C90606D501688A68CB
:1079F000C36B22F480521A438A6090F828108906DB
:107A000006D501688A68036C22F400521A438A6022
:107A100090F82810490611D501684A68436C22F491
:107A200080121A434A60416CB1F5801F06D101688B
:107A30004A68836C22F4C0021A434A6090F8281006
:107A4000090606D501684A68C06C22F40022024388
:107A50004A6070472DE9F84300260446C0F890605C
:107A6000FBF79EFF8046206800684FF02005000766
:107A70006FF07E4713D54346002229042046009725
:107A800000F09AFC58B1216851E8000F20F0800006
:107A900041E80002002AF6D1C4F8885021E02068AD
:107AA0000068400722D5434600224FF4800120465B
:107AB000009700F081FCC8B1216851E8000F20F464
:107AC000907041E80002002AF6D12068083050E8A2
:107AD000001F21F0010140E80012002AF5D1C4F88E
:107AE0008C5084F884600320BDE8F883C4F8885083
:107AF000C4F88C5044F86C6F666026760020F3E77B
:107B000010B5806A0021A0F85E10FDF7BCFC10BD26
:107B100010B5026852E8001F21F4907142E800138A
:107B2000002BF6D10E4B0268083252E8001F1940B4
:107B300042E80014002CF6D1C16E012908D1016879
:107B400051E8002F22F0100241E80023002BF6D16B
:107B50002021C0F88C100021C166416710BD0000D3
:107B6000FEFFFFEF10B5B0F86020D0F88C30016850
:107B7000222B04D0886940F00800886110BD496A52
:107B8000836D11401980816D891C8165B0F85E108C
:107B9000491EA0F85E10B0F85E100029EED1026810
:107BA00052E8001F21F4907142E80013002BF6D137
:107BB0000168083151E8002F22F0010241E800235A
:107BC000002BF5D12021C0F88C10002141670167FE
:107BD000154B02689A420BD05268120208D503680E
:107BE00053E8002F22F0806243E80024002CF6D1F5
:107BF000C26E012A02D0FDF7A3FE10BDC166026865
:107C000052E8001F21F0100142E80013002BF6D1CA
:107C10000168CA69D243D20601D410220A62B0F8C0
:107C20005C10FDF7E0FB10BD008000402DE9F0473F
:107C30000446B0F860600068C569D0F800A0D0F8CC
:107C40000890D4F88C10222905D0816941F00801F0
:107C50008161BDE8F087B4F868704FF0000844E037
:107C60002068406AA16D30400880A06D801CA0652E
:107C7000B4F85E00401EA4F85E002068C56969077C
:107C800030D0E9070AD05FEACA5107D50121016265
:107C9000D4F8900040F00100C4F89000A8070BD57C
:107CA0005FEAC97008D0216802200862D4F8900009
:107CB00040F00400C4F8900068070BD55FEAC97073
:107CC00008D0216804200862D4F8900040F0020037
:107CD000C4F89000D4F8900020B12046FDF7D3FB03
:107CE000C4F89080B4F85E0000B30FB1A806B7D412
:107CF000B4F85E000028ACD0B4F868108142A8D96E
:107D00002068083050E8001F21F0805140E8001240
:107D1000002AF5D12A486067206850E8001F41F02A
:107D2000200140E80012002AF6D192E7216851E8CC
:107D3000000F20F4807041E80002002AF6D1214AA9
:107D40002068083050E8001F114040E80013002B65
:107D5000F6D12020C4F88C00C4F874804046C4F8E2
:107D60007080194A216891420BD04968090208D5F0
:107D7000226852E8001F21F0806142E80013002BC6
:107D8000F6D1E16E012903D02046FDF7D9FDAFE71A
:107D9000E066216851E8000F20F0100041E8000281
:107DA000002AF6D12068C169C943C90601D410214F
:107DB0000162B4F85C102046FDF715FB98E700005F
:107DC000657B0008FEFFFFEF0080004010B5B0F8B3
:107DD0006020D0F88C300168222B04D0886940F0F4
:107DE0000800886110BD496A1140826D1170816D73
:107DF000491C8165B0F85E10491EA0F85E10B0F80D
:107E00005E100029EED1016851E8002F22F4907233
:107E100041E80023002BF6D10168083151E8002F1A
:107E200022F0010241E80023002BF5D12021C0F807
:107E30008C10002141670167154B02689A420BD0F4
:107E40005268120208D5036853E8002F22F08062BE
:107E500043E80024002CF6D1C26E012A02D0FDF7BF
:107E60006FFD10BDC166026852E8001F21F01001CD
:107E700042E80013002BF6D10168CA69D243D2064A
:107E800001D410220A62B0F85C10FDF7ACFA10BD04
:107E9000008000402DE9F0470446B0F860600068BB
:107EA000C569D0F800A0D0F80890D4F88C10222929
:107EB00005D0816941F008018161BDE8F087B4F81F
:107EC00068704FF0000844E02068406AA16D3040BF
:107ED0000870A06D401CA065B4F85E00401EA4F8B8
:107EE0005E002068C569690730D0E9070AD05FEAFB
:107EF000CA5107D501210162D4F8900040F0010079
:107F0000C4F89000A8070BD55FEAC97008D02168B3
:107F100002200862D4F8900040F00400C4F89000F9
:107F200068070BD55FEAC97008D021680420086291
:107F3000D4F8900040F00200C4F89000D4F890000B
:107F400020B12046FDF79FFAC4F89080B4F85E0097
:107F500000B30FB1A806B7D4B4F85E000028ACD0C7
:107F6000B4F868108142A8D92068083050E8001F92
:107F700021F0805140E80012002AF5D12A486067BC
:107F8000216851E8000F40F0200041E80002002A7B
:107F9000F6D192E7216851E8000F20F4807041E8A3
:107FA0000002002AF6D1214A2068083050E8001F5C
:107FB000114040E80013002BF6D12020C4F88C00BB
:107FC000C4F874804046C4F87080194A2168914210
:107FD0000BD04968090208D5226852E8001F21F039
:107FE000806142E80013002BF6D1E16E012903D035
:107FF0002046FDF7A5FCAFE7E066206850E8001FCB
:1080000021F0100140E80012002AF6D12068C16971
:10801000C943C90601D410210162B4F85C1020469E
:10802000FDF7E1F998E70000CD7D0008FEFFFFEFC6
:10803000008000402DE9F041044601688068226913
:10804000E3691043626900251A431043DFF82CC22C
:108050000A688B4B1A4002430A6020684168E26854
:1080600021F44051114341602168A069614501D06C
:10807000226A10438A68834B1A4002438A60206850
:10808000C16A626A21F00F011143C1627E4923680F
:108090007E488B420DD1D0F8880010F0030006D046
:1080A000012855D0022842D003283FD152E00120B8
:1080B0003DE077498B420BD1D0F8880010F00C00DE
:1080C00035D0042833D0082840D00C282ED141E0E8
:1080D00070498B420BD1D0F8880010F0300026D0C8
:1080E000102835D0202831D030281FD132E06A49FD
:1080F0008B420BD1D0F8880010F0C00017D0402878
:1081000026D0802822D0C02810D123E063450DD18D
:10811000D0F8880010F4406009D0B0F5806F17D017
:10812000B0F5006F12D0B0F5406F13D010205B494E
:108130005B4F00264FF4004263453BD160B10228FB
:1081400013D004280BD0082872D10DE00220EEE7EE
:108150000420ECE70820EAE7FCF7AEF901E0FCF7C1
:10816000CFF9010001D17CE01146606A37F8102098
:108170006768B1FBF2F007EB4703834270D8B0EBBE
:10818000073F6DD8002308461946F8F719F9090288
:1081900041EA106102027808101871413A46002342
:1081A000F8F70EF93F4AA0F54071914258D821687E
:1081B000C86056E0E3694FF6EF7893422CD1092866
:1081C0004ED2DFE800F00508114D0D4D4D4D100069
:1081D000FCF772F901E0FCF781F9010004D140E0FD
:1081E000FCF78EF9F9E71146606A37F81000B1FB29
:1081F000F0F04100606801EB5001B1FBF0F0A0F13C
:10820000100141452CD84FF6F0710140C0F34200F7
:1082100001432068C16024E0092821D2DFE800F092
:10822000050912200E2020201100FCF745F902E07C
:1082300016E0FCF753F9010004D112E0FCF760F9F5
:10824000F9E71146606A37F81000B1FBF0F1606899
:1082500001EB5001B1FBF0F0A0F1100141450AD94A
:1082600001250120A4F86A0024F8680F2846E6607A
:108270002661BDE8F08180B299E7000000800040EF
:10828000F369FFCFFFF4FF110038014000100240F6
:108290000044004000480040004C00400024F4002E
:1082A00034AF0008FFFC0F0070B58165A0F85C20BA
:1082B000A0F85E200023436781684FF48056FF24B6
:1082C000B14204D10169F9B940F2FF1122E07F25E2
:1082D000C1B1B1F1805F1AD0A0F86030C0F8903021
:1082E0002221C0F88C100168083151E8003F43F0AA
:1082F000010341E80034002CF5D1416EB1F1005F7B
:108300000ED031E0016941B9A0F86040E6E70169AB
:1083100019B13F21A0F86010E0E7A0F86050DDE758
:10832000B0F8681091421FD88168B14201D101694B
:10833000B9B11D494167016941B1026852E8001FA6
:1083400041F4807142E80013002BF6D10168083136
:1083500051E8002F42F0805241E80023002BF5D174
:1083600020E012494167F1E78168B14201D101691A
:1083700069B10F494167016959B1026852E8001FAC
:1083800041F4907142E80013002BF6D10AE009494C
:108390004167026852E8001F41F0200142E80013E3
:1083A000002BF6D1002070BD957E00082D7C0008C2
:1083B000CD7D0008657B00082DE9F04799461746FA
:1083C0000D4604464FF00008089E33E0701C31D083
:1083D000FBF7E6FAA0EB0900B04218D8BEB120685E
:1083E0000168490726D5802D24D0402D22D0C169AF
:1083F000C94309070DD4082505622046FFF788FB0D
:10840000C4F8905084F884800120BDE8F0870320F0
:10841000FBE7C069C04300050CD421684FF400603D
:1084200008622046FFF774FB2020C4F8900084F80F
:108430008480ECE72068C06935EA000004D00020A1
:10844000B842C3D00020E0E70120F9E70148FDF77A
:108450001BB800000C0300200A480B4A017801EB0E
:10846000410302EB8302491C82EC030A0A22B1FB9E
:10847000F2F302FB1311017041780A2901D2491C61
:1084800041707047DE00002030210020FEE703B479
:1084900001984100009850EAC12018BF04204A0DFD
:1084A00018BF40F0010040F2FF72B2EB515F08BF0D
:1084B00040F00200012808BF052002B070474100CB
:1084C000080218BF04200A0E18BF40F001004FF048
:1084D0007F4232EA010108BF40F00200012808BFD4
:1084E000052070470907090E002804DB00F1E02091
:1084F00080F80014704700F00F0000F1E02080F8D1
:10850000141D704770B54FF068422DED048BF0EEEE
:10851000408A18EE900AB0EE608A18EE101A02EB4C
:108520004003B3F1654F3CBF02EB4102B2F1654F2E
:108530007DD200BFC0F3C753C1F3C7529A1A1B2A9A
:1085400009DD10F0004F14BF9FED830A9FED830AF1
:10855000BDEC048B70BD12F11A0F36DA11F0004F2A
:1085600009D010F0004F0CBF9FED7D0A9FED7D0AF2
:10857000BDEC048B70BD88EE889A19EE100AFFF7E7
:108580009EFF042808BF00F081FC18EE900AFFF758
:1085900096FF054618EE100AFFF791FF044619EE04
:1085A000100AFFF78CFF042D18BF052D08D1042CED
:1085B00018BF052C04D1002804BF0220F8F701FAE7
:1085C000B0EE490ABDEC048B70BD4200B2EB410F26
:1085D0003AD910F0004F19BFDFED630A9FED630A2F
:1085E000DFED630A9FED630AB0EE481A0A46B1EE6A
:1085F000688A80F00041F0EE418A10460A1A520063
:10860000B2F1807F34D2484010F0004FDFED5A1AAB
:108610009FED5A2A1DBFBEEE001A70EEE10A30EE41
:10862000420AB6EE001A08BF70EEA10A00E040E070
:1086300008BF30EE020AB0EE682A01EE482A08EEC2
:10864000818AC2EE081A15E011F0004F04BF9FEDB9
:108650004C0AF0EE400AD1D010F0004F19BFDFED08
:10866000490A9FED490ADFED490A9FED490AC5E72E
:10867000C8EE881A21EEA11A9FED462ADFED462AA0
:1086800041EE022A9FED452A01EE222ADFED442A1F
:1086900041EE022A9FED432ABDEC048B01EE222A13
:1086A00021EE811A01EE020A30EE210A30EE200A94
:1086B00070BD4FF07F42B2EB400F28BFB2EB410FCD
:1086C00009D2F0EE480AB0EE680ABDEC048BBDE8B2
:1086D000704000F0C7BB40EA01035B0008BF41F0F7
:1086E000FF410BD0B2EB400F08BFB2EB410F08D1F6
:1086F00020F0804008EE900A21F0804108EE101A28
:1087000018E7B2EB400F12BF5FEA410340F0FF40B1
:1087100001F000413FF40EAFB2EB410F12BF5FEA30
:10872000400200F0004041F0FF413FF403AF4A0037
:1087300092EA40033FF5FEAE002AACBF9FED1A0A55
:108740009FED1A0A68EE808A28EE008A18EE900AD9
:1087500018EE101AEEE60000DB0FC9BFDB0FC93FB1
:10876000DB0F4940DB0F49C00000C9BF22AAFDB999
:108770000000C93F22AAFD390060ED3EC30ACE3792
:1087800000000000000049C022AA7DBA0000494054
:1087900022AA7D3A2DAD65BD8FB8D53D0FB511BE6E
:1087A00061C84C3EA8AAAABE0000804F0000802FDE
:1087B00010B510EE100A2DED068BB7EE001A10EE74
:1087C000901AB0EE418A0022A0F5000CDFEDFE9A6F
:1087D0004FF00073BCF1FE4F4FF07F4403EB410CB0
:1087E00080F0B481BCF1804FC0F02082F749014491
:1087F0009FEDF73AB1F5005F40F2D48200F5802199
:10880000CB0C03F00F0101EE901AC3F307137F3B6B
:10881000A0EBC350B8EEE12A00EE100A1A44DFEDD7
:10882000ED2AF0EE411A42EE221AF0EE613A70EEB5
:10883000232A30EE632A12EE900A00F500606FF3EF
:108840000B0001EE900A73EEE13A33EE804AC1EE7E
:10885000223A22EE230A10EE100A00F500606FF3B0
:108860000B0000EE100A00EE612A00EE442A62EED0
:10887000232A70EE221A21EEA12ADFEDD73A02EE6A
:10888000233A23EE023A20EE012A22EE811A03EE69
:10889000211A32EE010A10EE100A00F500606FF3A3
:1088A0000B0000EE100A72EE401A31EE812A9FEDA5
:1088B000CB1A60EE011A9FEDCA1A20EE011A9FED45
:1088C000C90A02EE001A31EE810A10EE100A00F514
:1088D00000606FF30B0000EE100AC34871EEC01A7F
:1088E00031EE812A784400EBC10090ED003AD0EDE2
:1088F000011A100101EE100AF8EEC12A32EE211A17
:1089000031EE001A31EE031A31EE221A11EE100A7E
:1089100000F500606FF30B0009EE100A39EE621AE1
:1089200031EE431A31EE400A30EE610A32EE40AACF
:1089300010EE900A002100F500606FF30B0008EEC6
:10894000900A084670EEE8AA4FF0000029EE280AC7
:1089500000F00C01F0EEC00A10EE900AB0F18B4F5F
:108960000DDD10EE900AB4EB400F08D310EE100AA4
:108970004FF08B4262F31E0008EE900A13E069EE9E
:108980002A0A38EEAA1A4AEE010A30EE201A11EE2F
:10899000100A00F500606FF30B0008EE900A30EE4D
:1089A000680A70EE209A0C204FF0000038EEA90AF9
:1089B000B5EEC00AF1EE10FA34BFFEEE000AF6EE94
:1089C000000A30EE800ABDEEC00A10EE100A011156
:1089D00000EE101AF8EEC00A00EE100AB8EEC00A57
:1089E00038EEC00A30EE290ADFED801A9FED801ABA
:1089F00000EE211ADFED7F1A7F4900F00F0040EEF4
:108A0000011A21EE800A794401EB800191ED001AF0
:108A10007A49794401EB8001D1ED001A784901EEE1
:108A2000801A794401EB8000764990ED000A31EE1E
:108A3000001AB0EEE00A10EE100A884215DA10EEC5
:108A4000100AB4EB400F10D39FED6F0A30EE800A8E
:108A5000DFED6E0A20EE200A68EE010ABDEC068BFF
:108A6000BCEEC00A20EE200A10BD10EE100A6849C4
:108A7000884243DA10EE100AB4EB400F3ED3BDEE4D
:108A8000E00A68EE010A10EE100A00EBD0725110F5
:108A9000C90501F17E5100EE101AA0EB6200C0057D
:108AA00060EE200A00F17E5000EE100A60EE808A2F
:108AB00018EE900AB4EB400F0FD10220F7F781FFB8
:108AC00000F0DCF910EE101A18EE100ABDEC068B5F
:108AD00061F31E0000EE100A10BD18EE900A40006F
:108AE00011D018EE900AFFF7EAFC042808BF00F046
:108AF000CDF9B0EE680ABDEC068B10BDF5EEC00AEC
:108B0000F1EE10FA0FD20220F7F75BFF00F0BEF98A
:108B100010EE101A18EE100ABDEC068B61F31E0061
:108B200000EE100A10BD0220F7F74BFF00F0A6F987
:108B300010EE101AB0EE480A10EE100ABDEC068BCB
:108B400061F31E0000EE100A10BD00BFBCF1804FA3
:108B50006CD300BF00F1FF43B3F1FE4F24D200BF3E
:108B6000B0EEC00A10EE100AC1F3C7537F2B0DDB25
:108B7000972BBFF63BAEC3F196034FF0010C0CFAF6
:108B800003F3A3F1010C1CEA010F08D00120F7F751
:108B900018FFBDEC068BBDE8104000F067B90B4232
:108BA00018BFBFEE008A21E643001CBF4FF0807360
:108BB000B3EB400F34D96FF01A02DFED161A20EE36
:108BC000210A10EE100A27E000000000001080C00B
:108BD000ABAAAA3E0000803D7EE24C3E00B0384287
:108BE000D49AB8BB3BAA3842642A0000FC596337C8
:108BF000C9FF753A1872313D022A0000362A00007A
:108C0000A62900000000FC420000FE420000004BCC
:108C1000000040430000004D10F0004FA0D1E5E5FA
:108C2000A0F50003B3F1FE4F21D2DFE503EB4103D2
:108C3000B3F1007F11D3F5EEC00AF1EE10FA05D1C1
:108C4000430018BFB4EB400F76D883E701F0004132
:108C500041F0FC5100EE901A7CE7B3F1807F06D220
:108C600010EE903AA3F5000300EE903A72E720F080
:108C700000426FF0FF4C604C02EB0C03A34210D398
:108C800021F000439C44A4450BD3B0F17E5F18BF94
:108C90005FEA410C50D0B2F1FF4F98BFB3F1FF4FE4
:108CA00005D9BDEC068BBDE8104000F0DBB8B0F193
:108CB000FF4F0FD0C1F3C7527F2A09DB972A11DA81
:108CC000C2F19602012303FA02F2531E0B4205D0B1
:108CD000002208E011F0004F55D128E00A4218BFE9
:108CE000012200D1022210F5000F13D028B3B0F1F9
:108CF000004F26D010F1814F4FD04FF0FE42B2EB23
:108D0000400F94BF01200020012202EBE171884254
:108D100039D10CE011F0004F02D0012A38D032E0F6
:108D2000012A02BF9FED350ABDEC068B10BD9FEDF9
:108D3000340ABDEC068B10BD2FE011F0004F0CD1B2
:108D400021E0B1F1FF4F1ED011F5000F05D011F059
:108D5000004F15D00AB1012A08D00220F7F731FEE2
:108D6000BDEC068BBDE8104000F072B80220F7F7AA
:108D700028FE00F06DF8BDEC068BB1EE400A10BD88
:108D80000AB1012A04D0B0EE690ABDEC068B10BD11
:108D9000BDEC068B9FED1B0A10BDBDEC068BB7EE3C
:108DA000000A10BD30EE410AB5EE001A9FED172AF9
:108DB00000EE413AB6EE001A60EE001A00EE431AD9
:108DC00061EEC11A9FED101A20EE011A20EE020A80
:108DD0009FED0F2A01EE820A71EE001A11EE900A41
:108DE00000F500606FF30B0009EE100A31EE491A2E
:108DF00031EE00AA9CE50000FFFF3F00000080FF6D
:108E00000000807F0000008000B0B841D49A38BBD9
:108E10003BAAB84110B52DED028BB1EEC08A18EE19
:108E2000100A20F00040C0F1FF40C00F0AD010EE41
:108E3000100A20F00040C0F1FF40C00F04BF012025
:108E4000F7F7BFFDB0EE480ABDEC028B10BD000085
:108E5000DFED030AB7EE001A81EE200A704700002A
:108E60000000000030EE200A70470000DFED020A2B
:108E700080EEA00A70470000000000009FED020A8B
:108E800020EE000A70470000000000709FED020A0B
:108E900020EE000A704700000000001030380A2859
:108EA00001D201207047002070478A68002A01DC47
:108EB000F8F701BB521E8A604A68C0B2531C4B606F
:108EC00010707047FAF7D0FFFEF7D2FAFDF746FBB5
:108ED000FDF72CFCFDF770FCFDF7D0FBFDF702FD64
:108EE000FDF734FDFDF7F6FBFDF78EFC0122064988
:108EF0000648FCF701FDF9F7A7FB00F017F8F9F7B2
:108F0000FBFB00F025F8FEE7000000200C0300202A
:108F100010B5EFF3058111B16FF0050403E00024F3
:108F200008B100F029FF204610BD0000EFF30580D6
:108F300010B16FF0050070470448016811B14FF09F
:108F4000FF30704701210160002070476800002059
:108F500010B5EFF3058010B16FF0050010BD0848A3
:108F60000168012902D04FF0FF3010BD054A0021F1
:108F700082F8141D0221016000F0AEFF002010BD38
:108F8000680000200BE000E070B505464FF00004DB
:108F9000EFF3058050BB0DB1686800E00020C10709
:108FA00001D0012600E0002600071FD46DB1D5E9ED
:108FB000021021B1502819D31EB1042002E020B1C3
:108FC00014E0012001F0DEF805E00EB1042000E01D
:108FD000012001F0CCF8040008D00DB1296800E0B0
:108FE000002100F067FE0EB144F00104204670BD80
:108FF000F8B50D460024211F4E1C002804D000BFE8
:10900000EFF30582A2B10DB10C461BE000216A46C8
:10901000009101F057FB012813D1009890B10A4943
:109020004FF080500860BFF34F8FBFF36F8F09E0A0
:10903000294601F095FB012804D015B16FF0010419
:1090400000E034462046F8BD04ED00E0F8B51446D3
:1090500003460E464FF00005EFF3058098BB93B32F
:109060009E423DD84CB1A0680028E06803D050284B
:1090700036D3012002E008B132E00020012B05D0F8
:1090800010B31846A26801F052F820E040B1032066
:109090000090002211460120A36801F0A1F804E02D
:1090A00003220021012001F07AF8050018D086B1D2
:1090B00000231A46194601F00BF9012809D0284669
:1090C00000F00CFE00250BE0184601F013F8050037
:1090D00006D00CB1216800E00021284600F0EAFD2E
:1090E0002846F8BD38B50024E51E00280BD000BF87
:1090F000EFF30581A9B100210091694601F0F7F96C
:10910000012815D102E06FF0030412E0009880B14D
:1091100009494FF080500860BFF34F8FBFF36F8F46
:1091200007E000231A46194601F0D2F8012800D0C2
:109130002C46204638BD000004ED00E02DE9FF413B
:109140004FEA01034FF00005EFF30581039549BB9A
:1091500040B38027182100244AB3166806B134466C
:1091600096691EB13146761E382E02D21679F60760
:1091700003D0002004B0BDE8F081566906B1B708FD
:10918000D2F808C0BCF1000F0DD0D5685C2D18D303
:1091900012693AB136B18DE806103A46214601F01F
:1091A00002FC03900DE0D6685EB912694AB903AAC1
:1091B000CDE90012BAB2214601F0C8FB012800D067
:1091C00003950398D6E700002DE9F041134C0F46B4
:1091D0000546E6682068001D00F066FC681C07D1A3
:1091E00037B12168BDE8F0410D48091D00F0B4BC5D
:1091F00020683544B5424560216805D2A06BBDE8C2
:10920000F041091D00F090BC606B091D00F08CFC62
:10921000A06A854200D2A562BDE8F0811800002056
:10922000900800202DE9F041054600F0A1FC2D4CEE
:10923000A068401CA06020682B4F10B1606930B35B
:109240002BE02560A068012827D1002606EB8600C8
:1092500007EB800000F05AFC761C382EF6D323482A
:1092600000F054FC2148143000F050FC1F48283016
:1092700000F04CFC1D483C3000F048FC1B485030CE
:1092800000F044FC194860631430A06305E02068D6
:10929000E96AC06A884200D82560606A401C606242
:1092A0006864E86A2169884200D9206100EB800087
:1092B00007EB8000291D00F04FFC00F079FC60698D
:1092C00000280CD02068E96AC06A884207D20849A1
:1092D0004FF080500860BFF34F8FBFF36F8FBDE832
:1092E000F081000018000020E0030020400800206A
:1092F00004ED00E038B500F03BFC104C2068C8B924
:109300000F4800F003FC0E48143000F0FFFB0C483F
:10931000E060143020610A4B0020F03B009003F124
:10932000500210210A2000F05BFF206010B105A15F
:1093300000F0C0FCBDE8384000F03ABC540000200A
:1093400094090020546D72510000000030B4026C8A
:109350000B46002A0BD0C1681144C1608468A14249
:1093600001D30168C16030BC1846F7F755BA30BC6C
:1093700070472DE9F041856B174604460026026CC4
:1093800082B1C7B1E068F7F747FAE168206C091AC3
:10939000E1602268914202D2A168081AE060022FBF
:1093A00016D017E02068A8B9A06801F09FFB064618
:1093B0000020A0600EE06068F7F72EFA216C60686C
:1093C00008446060A168884204D32068606001E0BE
:1093D00005B16D1E6D1CA5633046BDE8F08110B56A
:1093E000044690F8590058B101280CD002280FD03B
:1093F000502080F31188BFF34F8FBFF36F8FFEE7CC
:10940000206B00F0E9FB2046BDE8104000F0E4BB13
:1094100010BD000010484FF44061420706D0C01D47
:109420000D4920F00700411AC1F540610B4A0023A5
:109430000144C2E900030839183A21F0070111601C
:109440004B600B600B1AC0E9001393604FF00040B3
:1094500053605061704700007410002084000020A9
:10946000144E154CA6F29C474FF08058DFF84C90F4
:1094700012E000BF00F07CFBF068C568281D00F01A
:1094800013FBA068401EA0606068401E606000F092
:109490008FFB2846FFF7A3FF60680028EAD13868F1
:1094A0000128F9D9C9F80080BFF34F8FBFF36F8F40
:1094B000F2E700007C0800201800002004ED00E026
:1094C000002807D00021816001600B460A46C16078
:1094D00000F0FEBE7047000070B51D46049C51B1FF
:1094E000C4F80020C4E90F010121204600F0ACFEC1
:1094F00084F84C5070BD2460F4E700002DE9F05F63
:109500008846DDE90B941546834691009A460A9EEB
:10951000A522206BF7F7F7F96FF00301206B01EB41
:109520008501084420F00707780707D0502080F312
:109530001188BFF34F8FBFF36F8FFEE70025B8F19F
:10954000000F0FD05FF00000221818F8001082F80A
:10955000341018F8001011B1401C1028F4D384F80E
:10956000435001E084F83450382E00D33726E662A9
:10957000C4E91365201D00F0D4FA04F1180000F0CE
:10958000D0FA2461C6F138006462A061656584F890
:10959000585052465946384600F070FA2060B9F1EA
:1095A000000F01D0C9F80040BDE8F09F30B5114967
:1095B00000E011460A688242FBD34B685C18844283
:1095C00003D1406818444860084643681C18944218
:1095D00009D1084C183C2468A24209D052681A44A8
:1095E00042600A6812680260814200D0086030BDA3
:1095F0000460F9E78400002070B5002441600B4D41
:109600000061914206D8D11A8269914206D2011DA9
:10961000286907E09A4203D2994201D3012403E06A
:10962000011DE86800F080FA204670BD540000205B
:1096300010B5044600F09CFAA06B28B15FF000045E
:1096400000F0B6FA204610BD0124F9E730B589B024
:109650003C4D6EE00498002806DADDE90601059A23
:1096600090470498002864DB069C606910B1201DB7
:1096700000F01AFA03A800F0D7F8024604980A2866
:1096800057D2DFE800F00505052D334A05052D33D7
:1096900094F8280040F0010084F828000599A0699A
:1096A000059B01442046FFF7A7FF68B3216A2046C7
:1096B000884794F8280040073BD500200090059883
:1096C000A169002342181946204601F055FBD8B97C
:1096D000502080F31188BFF34F8FBFF36F8FFEE7E9
:1096E00014F8280F20F00100207022E094F82800E0
:1096F00040F0010084F828000598A06128B1811885
:1097000013462046FFF778FF13E0502080F31188BE
:10971000BFF34F8FBFF36F8FFEE794F828008107E8
:1097200003D4204600F058FA03E020F0010084F84A
:109730002800002204A9286800F028FF002889D109
:1097400009B030BD540000202DE9FC410F4605460C
:1097500000F006FC01A800F067F80446019818B173
:1097600001F078FABDE8FC81254EAFB130690068A0
:10977000D0B30027291B3A46306800F0DBFA01F02D
:1097800069FA0028EED11F494FF080500860BFF3FE
:109790004F8FBFF36F8FE5E7A542EBD801F05AFA80
:1097A000F0682746C068C468201D00F07DF994F871
:1097B0002800410719D5A0692B4641193A46204691
:1097C000FFF71AFFA8B100200346014600902A4681
:1097D000204601F0D1FA60B9502080F31188BFF320
:1097E0004F8FBFF36F8FFEE707E020F0010084F892
:1097F0002800216A20468847B4E70127BAE700001D
:109800005400002004ED00E00648416B096829B1CE
:10981000416BC968C9684968816270474FF0FF3180
:10982000FAE700001800002070B5054601F0F4F8D2
:10983000064E0446B068844203D200F009F80120C5
:1098400000E0002028602046B46070BD5400002075
:10985000F8B5194D20E0C068C4680668201D00F006
:1098600023F9216A2046884794F82800400713D539
:10987000A0693044B04206D924616060211DE868C7
:1098800000F052F908E000200346014600903246FD
:10989000204601F071FA38B1E86801680029DAD190
:1098A0002969C5E90310F8BD502080F31188BFF382
:1098B0004F8FBFF36F8FFEE754000020002101E0BF
:1098C000401C491C0278A52AFAD0C1F38F007047CA
:1098D00008484068401C4FF0500080F3118804D0C5
:1098E000BFF34F8FBFF36F8FFEE7BFF34F8FBFF311
:1098F0006F8FFEE78C000020074CE068016841B1E3
:10990000C0680021D0F80000FFF71EFFFFF79EFEA1
:10991000F3E701210020F7E7540000202DE9F04192
:10992000044600F025F994F9455004F1240609E0B5
:10993000606A48B1304601F055F908B100F04AFAC2
:109940006D1E6DB2002DF3DC4FF0FF3684F84560DC
:1099500000F02EF900F00CF994F9445004F11007CE
:1099600009E0206948B1384601F03CF908B100F03F
:1099700031FA6D1E6DB2002DF3DC84F84460BDE851
:10998000F04100F015B900002DE9F041054600272F
:1099900000F0E6FA324E306808B9FFF73BFD706917
:1099A00005424ED1C5B3083568070ED005F0070053
:1099B000C0F108000544680707D0502080F31188E3
:1099C000BFF34F8FBFF36F8FFEE72DB370688542F3
:1099D00037D82348183001460C6801E020460C4671
:1099E0006168A94202D221680029F7D131688C420E
:1099F00027D007682168016060680837411B10297B
:109A00000FD96019420708D0502080F31188BFF3A6
:109A10004F8FBFF36F8FFEE713E041606560FFF784
:109A2000C5FD61687068401A7060B268904200D2EB
:109A3000B060706901430020C4E90001F068401C77
:109A4000F06001F007F9780707D0502080F3118803
:109A5000BFF34F8FBFF36F8FFEE73846BDE8F0814D
:109A60006C0000200449086818B10868026D521C97
:109A700002650868704700001800002010B5031F39
:109A80004FF080741C601B1F21F001011960191F29
:109A9000044B0B6014390A60091F6FF0020244384E
:109AA0000A6010BDD1980008D0E9013201699A60BE
:109AB000D0E901235A604A68824201D182684A6033
:109AC000002202610868401E0860086870470000B4
:109AD00008B902480068006BFFF7F0BE18000020CC
:109AE000034B036003F15C00086080201060704746
:109AF000BC090020044B036003F15C0008604FF4D4
:109B00008070106070470000180C002000F1080100
:109B10004FF0FF32C0E90112C16001610021016014
:109B2000704700210161704730B50B685A1C02D0A4
:109B300000F1080202E0026904E022465468256848
:109B40009D42FAD953684B6099608A605160086100
:109B50000168491C016030BD42684A6093688B60AF
:109B600093685960916008610168491C0160704701
:109B7000502080F31188BFF34F8FBFF36F8F0A49D6
:109B80004868401C486001280CD10848006810F063
:109B9000FF0F07D0502080F31188BFF34F8FBFF322
:109BA0006F8FFEE7704700008C00002004ED00E09E
:109BB0000849486828B1401E486001D180F31188E7
:109BC0007047502080F31188BFF34F8FBFF36F8F22
:109BD000FEE700008C00002070B500282AD0164D4A
:109BE000A0F1080460686969084207D1502080F339
:109BF0001188BFF34F8FBFF36F8FFEE722683AB132
:109C0000502080F31188BFF34F8FBFF36F8FFEE7B3
:109C10008843606000F0A4F960686968084468607F
:109C20002046FFF7C3FC2869401C2861BDE870404E
:109C300001F010B870BD00006C0000204FF0E02073
:109C400000210161816105494FF47A720968B1FB15
:109C5000F2F1491E416107210161704714000020A3
:109C600010B5F6F789FB114910280ED300F1E0205A
:109C700090F8F0030A78904207D2502080F31188C0
:109C8000BFF34F8FBFF36F8FFEE709480068896805
:109C900000F4E060884207D9502080F31188BFF3B8
:109CA0004F8FBFF36F8FFEE710BD00008C000020C8
:109CB0000CED00E010B5084B002200BF53F8324015
:109CC0001CB1521C082AF9D310BD43F8321003EB23
:109CD000C201486010BD0000A003002010B50400C0
:109CE0000AD000F013F894F8460000280CD1204662
:109CF000BDE81040FFF770BF502080F31188BFF31C
:109D00004F8FBFF36F8FFEE710BD0000084A0021A0
:109D100002EBC1035B68834206D1002042F83100A8
:109D200002EBC10148607047491C0829F0D3704715
:109D3000A003002070B515460E460446FFF718FF35
:109D400094F944100020491C01D184F8440094F98E
:109D50004510491C01D184F84500FFF729FFA06B8D
:109D600028B92A46314604F1240000F051F8204673
:109D7000BDE87040FFF7D2BD10B5020014D00F4807
:109D8000006B38B1502080F31188BFF34F8FBFF3C1
:109D90006F8FFEE700F0E4F800211046FFF714FA99
:109DA00000F058FF002807D105494FF080500860A7
:109DB000BFF34F8FBFF36F8F10BD0000180000205E
:109DC00004ED00E002490A6A0260C9684160704718
:109DD0001800002001490120C861704718000020C8
:109DE00010B50C4650B1094909681831FFF79CFEBF
:109DF0002046BDE810400121FFF7E6B9502080F36E
:109E00001188BFF34F8FBFF36F8FFEE7180000205C
:109E100070B514460D4668B10A4909681831FFF754
:109E20009BFE0CB14FF0FF3521462846BDE870403F
:109E3000FFF7CAB9502080F31188BFF34F8FBFF3EB
:109E40006F8FFEE71800002070B504003ED0226D31
:109E5000A2B1E06C884200D30146E06A884235D066
:109E6000012A33D11A4D2A6894420FD1502080F331
:109E70001188BFF34F8FBFF36F8FFEE7502080F341
:109E80001188BFF34F8FBFF36F8FFEE7E162A269C6
:109E9000002A02DBC1F13801A1610E4E00EB800007
:109EA000616906EB8000814210D1201DFFF7FCFDA7
:109EB000E06A2969884200D9286100EB800006EB3E
:109EC0008000211DBDE87040FFF746BE70BD000058
:109ED00018000020E003002030B587B00024039470
:109EE00005AA04A903A80494FFF7FAFDDDE903011C
:109EF0000094CDE90110002315A11748059A00F040
:109F000052FD164D0028E8621FD000F005FF012821
:109F100009D0401C19D1502080F31188BFF34F8F16
:109F2000BFF36F8FFEE7502080F31188BFF34F8F90
:109F3000BFF36F8F4FF0FF30A86201206861EC60C3
:109F400007B0BDE8304000F045B807B030BD0000B4
:109F500049444C45000000006194000818000020AE
:109F60000248016B491C0163704700001800002083
:109F7000164810B5016B11B10121C16110BD00215E
:109F8000C1610169124A01E0B9B1491E01EB8103C7
:109F900052F82330002BF7D001EB810302EB830250
:109FA00002F1080453685B685360A34201D15B6807
:109FB0005360DA680260016110BD502080F311889F
:109FC000BFF34F8FBFF36F8FFEE700001800002034
:109FD000E00300201CB537480168374A914207D199
:109FE000502080F31188BFF34F8FBFF36F8FFEE7D0
:109FF00000683149491E884207D1502080F31188FA
:10A00000BFF34F8FBFF36F8FFEE72C4908780190A5
:10A01000FF20087008788DF800009DF800009DF87A
:10A02000002000F0F000904207D0502080F311880B
:10A03000BFF34F8FBFF36F8FFEE79DF80000204CFA
:10A0400000F0500020700720A06005E09DF800207F
:10A0500052008DF80020401E9DF800201206F5D415
:10A06000A060032807D0502080F31188BFF34F8FE2
:10A07000BFF36F8FFEE74FF44070A0600198087047
:10A080000C482030016841F470010160016841F022
:10A0900070410160FFF7D2FD00206060F6F734F9EF
:10A0A0000848016841F040410160F6F719F90020C5
:10A0B0001CBD000000ED00E071C20F4100E400E0B3
:10A0C0008C00002034EF00E010B5502080F31188A0
:10A0D000BFF34F8FBFF36F8F00F0A4FC18B104499A
:10A0E0004FF080500860002080F3118810BD000000
:10A0F00004ED00E010B50C4648B184420FD9502061
:10A1000080F31188BFF34F8FBFF36F8FFEE75020AE
:10A1100080F31188BFF34F8FBFF36F8FFEE70222EA
:10A12000002100F03CF8002800D0846310BD38B551
:10A130000C4648B184420FD9502080F31188BFF3F8
:10A140004F8FBFF36F8FFEE7502080F31188BFF36E
:10A150004F8FBFF36F8FFEE702211346002200915D
:10A16000114600F03DF8002800D0846338BD10B5DA
:10A1700002460021012000F012F80446FFF7A0F982
:10A18000204610BD38B50B46002200901146012034
:10A1900000F026F80446FFF793F9204638BDF8B5DD
:10A1A00017460E46050013D005FB06F05030FFF7AA
:10A1B000EBFB04000AD0002084F8460004F15002B2
:10A1C0003B46314628460094FFF786F92046F8BD05
:10A1D000502080F31188BFF34F8FBFF36F8FFEE7DE
:10A1E00038B5049D18B153B1CAB181B120E05020F7
:10A1F00080F31188BFF34F8FBFF36F8FFEE75020BE
:10A2000080F31188BFF34F8FBFF36F8FFEE75020AD
:10A2100080F31188BFF34F8FBFF36F8FFEE739B123
:10A22000502080F31188BFF34F8FBFF36F8FFEE78D
:10A2300050241C46012384F846302B460094FFF737
:10A240004BF9204638BD000070B50D46040025D0FE
:10A25000FFF78EFCD4E90F20216802FB0011A160FA
:10A260000021A163216861600A46D4E90F01401E04
:10A2700000FB0121E16021464FF0FF3001F8440F5F
:10A28000487004F110008DB1FFF740FC04F1240088
:10A29000FFF73CFCFFF78CFC012070BD502080F3E1
:10A2A0001188BFF34F8FBFF36F8FFEE7216900293D
:10A2B000F0D000F097FC0028ECD004494FF080501B
:10A2C0000860BFF34F8FBFF36F8FE3E704ED00E04B
:10A2D0002DE9FF4782B01D468A464FF00008040072
:10A2E00003D0BAF1000F08D011E0502080F311889C
:10A2F000BFF34F8FBFF36F8FFEE7206C38B1502054
:10A3000080F31188BFF34F8FBFF36F8FFEE7022DED
:10A310000AD1E06B012807D0502080F31188BFF3E9
:10A320004F8FBFF36F8FFEE700F068FB3F4F4FF09A
:10A3300000094FF0805648B9049838B1502080F396
:10A340001188BFF34F8FBFF36F8FFEE7FFF710FC4D
:10A35000A06BE16B884207D3022D05D00498D0B1E1
:10A36000B8F1000F1AD01EE02A4651462046FFF7EA
:10A3700000F8616A19B104F1240000F033FC20B147
:10A380003E60BFF34F8FBFF36F8FFFF711FC0120CB
:10A3900006B0BDE8F087FFF70BFC22E06846FFF748
:10A3A00011FD4FF00108FFF703FCFFF7D9FDFFF7A0
:10A3B000DFFB94F94400401C01D184F8449094F9E7
:10A3C0004500401C01D184F84590FFF7F1FB04A93A
:10A3D000684600F081FA30B12046FFF79FFA00F09E
:10A3E00039FC0020D4E7FFF7C3FBA06BE16B884288
:10A3F00013D1FFF7DDFB04F110000499FFF7F0FC27
:10A400002046FFF78BFA00F025FC00289ED13E6025
:10A41000BFF34F8FBFF36F8F98E7FFF7C9FB20465D
:10A42000FFF77CFA00F016FC90E7000004ED00E076
:10A430002DE9F0471F4690468946040003D0B9F144
:10A44000000F08D011E0502080F31188BFF34F8F28
:10A45000BFF36F8FFEE7206C38B1502080F3118876
:10A46000BFF34F8FBFF36F8FFEE7022F0AD1E06B70
:10A47000012807D0502080F31188BFF34F8FBFF31E
:10A480006F8FFEE7FFF7ECFB5020EFF3118680F3B0
:10A490001188BFF34F8FBFF36F8FA06BE16B8842C2
:10A4A00006D3022F04D0002086F31188BDE8F08780
:10A4B00094F94550A06B3A4649462046FEF759FFAD
:10A4C000681C04D06D1C84F845500120ECE7606ADC
:10A4D0000028FAD004F1240000F084FB0028F4D016
:10A4E000B8F1000FF1D00121C8F80010EDE770B508
:10A4F0000E46040009D0206C78B1502080F31188FA
:10A50000BFF34F8FBFF36F8FFEE7502080F31188AA
:10A51000BFF34F8FBFF36F8FFEE7206848B9A06885
:10A5200038B1502080F31188BFF34F8FBFF36F8F86
:10A53000FEE7FFF795FB5020EFF3118580F31188BC
:10A54000BFF34F8FBFF36F8FA16BE06B884218D9B9
:10A5500094F94500491CA163411C04D0401C84F8B7
:10A56000450001200EE0606A0028FAD004F12400C2
:10A5700000F038FB0028F4D0002EF2D0012030602B
:10A58000EFE7002085F3118870BD00002DE9F74743
:10A59000002683B08A46040003D0BAF1000F08D029
:10A5A00011E0502080F31188BFF34F8FBFF36F8FFE
:10A5B000FEE7206C38B1502080F31188BFF34F8F35
:10A5C000BFF36F8FFEE700F019FADFF8F4804FF069
:10A5D00000094FF0805748B9059838B1502080F3F2
:10A5E0001188BFF34F8FBFF36F8FFEE7FFF7C0FAFD
:10A5F000A56BC5B151462046FEF7A8FE6D1EA563AA
:10A60000206950B104F1100000F0ECFA28B1C8F84C
:10A610000070BFF34F8FBFF36F8FFFF7C9FA0120B0
:10A6200006B0BDE8F087059808B11EB106E0FFF757
:10A63000BFFA27E06846FFF7C5FB0126FFF7B8FA27
:10A64000FFF78EFCFFF794FA94F94400401C01D107
:10A6500084F8449094F94500401C01D184F8459059
:10A66000FFF7A6FA05A9684600F036F9002820464B
:10A670000AD0FFF753F900F0EDFA2046FEF7D8FFB5
:10A680000028B3D00020CBE7FEF7D2FF90B104F151
:10A6900024000599FFF7A4FB2046FFF73FF900F0DF
:10A6A000D9FA0028A2D1C8F80070BFF34F8FBFF3CA
:10A6B0006F8F9BE72046FFF731F900F0CBFA95E763
:10A6C00004ED00E02DE9F04790468946040003D0F0
:10A6D000B9F1000F08D011E0502080F31188BFF3CA
:10A6E0004F8FBFF36F8FFEE7206C38B1502080F39F
:10A6F0001188BFF34F8FBFF36F8FFEE7FFF7B0FAFC
:10A700005020EFF3118680F31188BFF34F8FBFF312
:10A710006F8FA76BF7B194F9445049462046FEF776
:10A7200015FE7F1EA763681C04D06D1C84F844507E
:10A73000012010E020690028FAD004F1100000F098
:10A7400051FA0028F4D0B8F1000FF1D00121C8F877
:10A750000010EDE7002086F31188BDE8F0870000C7
:10A760002DE9F343002683B00400354609D0206C60
:10A7700078B1502080F31188BFF34F8FBFF36F8FF4
:10A78000FEE7502080F31188BFF34F8FBFF36F8F28
:10A79000FEE700F033F9DFF83C814FF000094FF09D
:10A7A000805748B9049838B1502080F31188BFF31E
:10A7B0004F8FBFF36F8FFEE7FFF7DAF9A06BC8B1D9
:10A7C000401EA063206810B9FFF74CF9A060206913
:10A7D00050B104F1100000F005FA28B1C8F800707B
:10A7E000BFF34F8FBFF36F8FFFF7E2F9012005B082
:10A7F000BDE8F083049808B166B10FE03DB1502088
:10A8000080F31188BFF34F8FBFF36F8FFEE7FFF721
:10A81000CFF95DE06846FFF7D5FA0126FFF7C8F9E2
:10A82000FFF79EFBFFF7A4F994F94400401C01D107
:10A8300084F8449094F94500401C01D184F8459077
:10A84000FFF7B6F904A9684600F046F8002820464C
:10A8500012D0FFF763F800F0FDF92046FEF7E8FE9E
:10A860000028A9D09DB3FFF783F9606A50B3206B2D
:10A870000068C0F1380126E0FEF7DAFEE0B120689A
:10A8800038B9FFF775F9A06800F070F90546FFF7D1
:10A890008FF904F124000499FFF7A2FA2046FFF78C
:10A8A0003DF800F0D7F9002886D1C8F80070BFF352
:10A8B0004F8FBFF36F8F7FE72046FFF72FF800F031
:10A8C000C9F979E70021A068FFF7BEFA9FE7FFE723
:10A8D00000208CE704ED00E02DE9F0410C46050076
:10A8E00011D0C4B1FFF744F9174BDA686E682068DD
:10A8F000911B471C17D02F681B6A9F4219D09642A4
:10A9000017D8012410E0502080F31188BFF34F8F37
:10A91000BFF36F8FFEE7502080F31188BFF34F8F96
:10A92000BFF36F8FFEE70024FFF742F92046BDE832
:10A93000F081884205D9401A20602846FFF742FA84
:10A94000F1E700202060DCE7180000202DE9FF5F20
:10A950008346DDE90E87994616468A469000FFF742
:10A9600013F805001CD05C20FFF70EF8040014D08B
:10A970000020256384F85900CDE90240CDE9008725
:10A980004B46324651465846FEF7B8FD2046FEF784
:10A9900049FC012004B0BDE8F09F2846FFF71CF9F0
:10A9A0004FF0FF30F6E7F0B585B0DDE90B640A9DA6
:10A9B000A6B1DCB15C2700972663022684F85960B3
:10A9C000002604AFCDE90246CDE90057FEF796FD1B
:10A9D0002046FEF727FC049805B0F0BD502080F318
:10A9E0001188BFF34F8FBFF36F8FFEE7502080F3C6
:10A9F0001188BFF34F8FBFF36F8FFEE705484169A2
:10AA000019B1006B18B10020704701207047022077
:10AA100070470000180000200148C068704700001F
:10AA2000180000202DE9F0412E4C0027206B28B1A2
:10AA3000A069401CA0613846BDE8F081E668761C3C
:10AA4000E66013D1606B006838B1502080F3118844
:10AA5000BFF34F8FBFF36F8FFEE7606BA16B616336
:10AA6000A063206A401C2062FEF7CEFEA06ADFF8D9
:10AA70007880864209D3606B0068A0B1606BC068C3
:10AA8000C5686868864211D2A0622068C06A00EB7F
:10AA9000800158F82100012800D90127E069002829
:10AAA000C9D00127C7E74FF0FF30EDE7281DFEF7BB
:10AAB000FBFFA86A18B105F11800FEF7F5FFE86A78
:10AAC0002169884200D9206100EB800108EB8100F8
:10AAD000291DFFF741F8E86A2168C96A8842CAD38C
:10AAE0000127C8E718000020E003002070B504002B
:10AAF0004FF0000133D01B4D2868844207D050200E
:10AB000080F31188BFF34F8FBFF36F8FFEE7206D87
:10AB100038B1401E2065E36CE26A9A421FD040B112
:10AB20001DE0502080F31188BFF34F8FBFF36F8F6C
:10AB3000FEE7201DFEF7B8FFE06CE062C0F13800D0
:10AB4000A061E06A2969884200D92861064900EBC2
:10AB5000800001EB8000211DFEF7FEFF0121084669
:10AB600070BD000018000020E003002070B5040054
:10AB70004FF000002BD0194DE16A2A68D26A914249
:10AB800026D2A069002804DB2868C06AC0F138001A
:10AB9000A061134E01EB8101606906EB81018842DF
:10ABA00011D1201DFEF780FF2868C06AE062296984
:10ABB000884200D9286100EB800006EB8000211D4F
:10ABC000FEF7CAFF02E02868C06AE062012070BD9B
:10ABD000E16C2A68D26A9142F8D370BD1800002057
:10ABE000E003002070B5C068C46854B104F11800D7
:10ABF0000646FEF759FF144D286B50B131461348F5
:10AC000015E0502080F31188BFF34F8FBFF36F8F93
:10AC1000FEE7201DFEF748FFE06A2969884200D957
:10AC200028610B4900EB800001EB8000211DFEF73D
:10AC300093FFE06A2968C96A884202D90120E86165
:10AC400070BD002070BD00001800002068080020C2
:10AC5000E00300202DE9F0472C4D00242746286B07
:10AC600038B1FEF785FF286B401E2863286B40B182
:10AC700046E0502080F31188BFF34F8FBFF36F8FF2
:10AC8000FEE7A968224E0120D1B3A6F5916980465E
:10AC90003068E0B1F068C46804F11800FEF704FF02
:10ACA000201DFEF701FFE06A2969884200D928616A
:10ACB00000EB800109EB8100211DFEF74DFFE06AEA
:10ACC0002968C96A8842E3D3C5F81C80E0E70CB163
:10ACD000FEF79AFDAC694CB14FEA0806FFF7A2FEF9
:10ACE00000B1EE61641EF9D10020A861E86938B1B5
:10ACF0000849012738070860BFF34F8FBFF36F8FF4
:10AD0000FEF756FF3846BDE8F08700001800002027
:10AD10006808002004ED00E010B586B0FEF7EAFAFE
:10AD2000114C2068B8B100200390049005AA04A932
:10AD300003A8FEF7DFFEDDE9032102208DE807000E
:10AD400000230AA10B48059AFFF72DFE606010B1A1
:10AD500006B0012010BD502080F31188BFF34F8F43
:10AD6000BFF36F8FFEE7000054000020546D722087
:10AD700053766300F99800082DE9FF411E461346FB
:10AD800002000A9D4FF0000016D0144C2768002FD7
:10AD90000FD0CDE900130292062917DAFFF72EFE35
:10ADA00002284FF000030FD0002269462068FFF709
:10ADB0008FFA04B0BDE8F081502080F31188BFF312
:10ADC0004F8FBFF36F8FFEE72A46EEE70023324630
:10ADD00069463846FFF72CFBEBE7000054000020E3
:10ADE00010B500290AD00878002807D00548784413
:10ADF000F6F71CFD002801D0002010BD0248784461
:10AE000010BD00003A0900003209000010B5002909
:10AE10000AD00878002807D005487844F6F706FDE0
:10AE2000002801D0002010BD0248784410BD000069
:10AE30002A090000220900000808A0F500114FEAC5
:10AE40003101704743004FEAD30C4FEA3C0C4340BA
:10AE50001FBF40070CF1605113F0FE4F70471CF00C
:10AE6000006F03D100200CF0004170470CF000434C
:10AE700043EA507010B540EACC0000F00EF800BF75
:10AE8000000000924FEA0001FFF7D6BF4FF00041EB
:10AE90004FF00000A1F5002170470EF1020E2EF0D8
:10AEA000030E5EF8044B244204D44FEA4102B2F18F
:10AEB0007F4F11D84FEA4003B3F17F4F0CD80ED12A
:10AEC0004FEAD07CB2F17F4F0CEB4C0C0CF1020C32
:10AED00008BF4CEBD17C04E04FF0080C01E04FEAD6
:10AEE000D17C0CEB4C0324FA03F404F00704B4F116
:10AEF000040C06D20EEB840CBDE810404CF0010CA3
:10AF00006047DFE80CF0070802024FF00040A0F5B0
:10AF1000800010BD0846420018BFD2F1807288BF81
:10AF200000F0004010BD4FF04070E1EE100A704795
:10AF3000F5F77FBE010002000400060008000A00C9
:10AF40000C001000200040008000000101010103FE
:10AF500007010000080402040801010100000000CC
:10AF600000000000010203040607080900000000B9
:10AF70000102030484B50008000000000000000086
:10AF800000000000000000000008000018000000A1
:10AF9000000000000000000078B50008000000007C
:10AFA0000000000000000000000000000010000091
:10AFB00020000000000000000000000090B5000824
:10AFC0000000000000000000000000000000000081
:10AFD0000008000010000000000000000000000059
:10AFE00070B5000800000000000000000000000034
:10AFF0000000000000040000080000000000000045
:10B00000000000000000804600000046000080456F
:10B010000000004500000343000083423333034235
:10B0200033338341D0040D11132B3F544C180D0BB7
:10B030001F23D0040C11132C3F44512F1F1F20231A
:10B040000000000000000000202020200020000060
:10B0500050500000000000002850F850F850A000A8
:10B060002030603010602000202018601010000098
:10B0700000382060507800002020200000000000F0
:10B0800010202020202010004020202020204000E0
:10B090002070205000000000002020F82020000038
:10B0A00000000000102020000000007000000000E0
:10B0B0000000000000200000102020204040800000
:10B0C00020505050502000006020202020F8000028
:10B0D0002050202040700000205010201060000000
:10B0E0001030507810380000704060105020000080
:10B0F0003040605050600000705010202020000050
:10B10000205020505020000030505030106000007F
:10B1100000002000002000000000100010200000AF
:10B12000001020C02010000000700070000000001F
:10B130000040201820400000205010200020000077
:10B1400030484858484038006020507088D8000087
:10B15000F048704848F00000705040404030000017
:10B16000F048484848F00000F848604048F80000BF
:10B17000F848604040E00000704040585030000007
:10B18000E848784848E8000070202020207000003F
:10B190003810105050200000D850607050D8000077
:10B1A000E040404048F80000D8D8D8A888D800002F
:10B1B000D868685858E800003048484848300000CF
:10B1C000F048487040E000003048484848301800D7
:10B1D000F048487048E8000070502010507000009F
:10B1E000F8A8202020700000D848484848300000C7
:10B1F000D888485050300000D888A8A8A85000002F
:10B20000D850202050D80000D8885020207000004E
:10B21000784810204878000030202020202030007E
:10B22000804040202020100060202020202060004E
:10B23000202050000000000000000000000000F886
:10B2400020100000000000000000301070780000A6
:10B25000C040704848F0000000007040407000009E
:10B26000180838484838000000007070403000006E
:10B270001020702020700000000038484838083046
:10B28000C040704848E800002000602020700000A6
:10B290002000701010101070C040587050D800007E
:10B2A00060202020207000000000D0A8A8A8000086
:10B2B0000000F04848C80000000030484830000056
:10B2C0000000F048487040E000003848483808184E
:10B2D0000000782020700000000030201060000086
:10B2E0000040F040483000000000D84848380000D6
:10B2F0000000C848303000000000D8A8A850000066
:10B3000000004830304800000000D8505020206035
:10B3100000007850287800001020206020201000C5
:10B32000202020202020200040202030202040000D
:10B330000000002850000000040000080000000089
:10B3400000000002000100001000000000000000EA
:10B35000000000000000B33FB2BE7D3A00002E4066
:10B36000DFCF513800007E40BF51FABA00E0A44060
:10B3700019DAC3BA00E0C840C2ED8AB90040EB4018
:10B38000CD1F2CBA001006412AFFFABA00C01541A1
:10B39000DFCFD13700D024419A97703A0050334123
:10B3A00089478E3600404141E75B9D3800B04E41F1
:10B3B000C00A98B900A05B41558F943A00306841AB
:10B3C000DA92C0BA0040744162B3C63A0000803FCE
:10B3D00000A0853F00908B3F00C0913F0030983F18
:10B3E00000F09E3F00F0A53F0050AD3F0000B53F8C
:10B3F0000000BD3F0060C53F0020CE3F0040D73F6A
:10B4000000C0E03F00C0EA3F0020F53F0000000020
:10B410007D36AC397D3C3839EBDCF438320A7E3984
:10B42000124C26399B6AED39A4EE83397F661E39AA
:10B43000F6398A392B426539A48211395B991F3953
:10B44000C3EECD39DDE7C637A5A22F390000803F16
:10B45000C3AA853FC2958B3FD3C3913FF037983F36
:10B4600032F59E3FD7FEA53F3F58AD3FF304B53FB1
:10B47000A408BD3F2A67C53F8C24CE3FFD44D73F7B
:10B48000DFCCE03FC7C0EA3F7D25F53F024000002A
:10B49000000000A00000000005400000000000C8FF
:10B4A000000000000C4000000000409C0000000074
:10B4B000194000000020BCBE000000003440000025
:10B4C000BFC91B8E00000004B5400000504BCFD018
:10B4D0006607E2CF010000006C4100003E8251AAE5
:10B4E000DFEEA73401000000D9420000DCB5A0E285
:10B4F0003A301F97FFFFFFFFB4450000FD25A0C8AD
:10B50000E9A3C14FFFFFFFFFFF3F000000000080E5
:10B5100000000000FF3F000000000080000000006D
:10B520003A7474003A7474003A7474005B4D515468
:10B53000545D205769466920636F6E6E6563746958
:10B540006F6E206661696C65642061667465722047
:10B55000256420726574726965732C207265736549
:10B560007420455350383236362E2E2E0D0A0000E8
:10B570004C45445461736B004D5154545461736B8A
:10B580000000000053656E736F725461736B0000AE
:10B59000446973706C61795461736B004445425522
:10B5A0004700000057494649000000005441534BF2
:10B5B000000000005741524E00000000494E464F27
:10B5C000000000004552524F5200000053454E53B8
:10B5D0004F520000535953004D5154540000000085
:10B5E0007B2274696D657374616D70223A256C7588
:10B5F0002C226465766963655F6964223A226D6511
:10B60000646963696E655F626F785F303031222CE8
:10B61000227374617465223A222573222C22656E8E
:10B620007669726F6E6D656E74223A7B2274656DF9
:10B630007065726174757265223A252E32662C220D
:10B6400068756D6964697479223A252E32662C22F8
:10B650007072657373757265223A252E32662C22DC
:10B66000616C746974756465223A252E32667D2C8E
:10B67000226D6F74696F6E223A7B22616363656C21
:10B680005F78223A252E33662C22616363656C5FF6
:10B6900079223A252E33662C22616363656C5F7ACA
:10B6A000223A252E33662C226779726F5F78223A10
:10B6B000252E32662C226779726F5F79223A252E09
:10B6C00032662C226779726F5F7A223A252E3266B3
:10B6D0002C227069746368223A252E32662C2272FD
:10B6E0006F6C6C223A252E32662C2276696272616A
:10B6F00074696F6E223A252E33667D2C2276616C3A
:10B700006964223A25647D0054B8000800000020D6
:10B71000F8000000140200084CB90008F8000020EE
:10B7200010280000300200081C0000004300000048
:10B73000F8FFFFFF0C0000000E0000000F000000EB
:10B740002E0000001001000043000000F8FFFFFF82
:10B750000040404040404040404041414141414024
:10B7600040404040404040404040404040404040D9
:10B770004005020202020202020202020202020268
:10B78000022020202020202020202002020202026D
:10B7900002029090909090901010101010101010C5
:10B7A00010101010101010101010101002020202D1
:10B7B0000202888888888888080808080808080815
:10B7C0000808080808080808080808080202020211
:10B7D0004000000000000000000000000000000029
:10B7E0000000000000000000000000000000000059
:10B7F0000000000000000000000000000000000049
:10B800000000000000000000000000000000000038
:10B810000000000000000000000000000000000028
:10B820000000000000000000000000000000000018
:10B830000000000000000000000000000000000008
:10B8400000000000000000000000000000000000F8
:10B8500000000000000000000000000010000000D8
:10B8600001000000000000000024F40000000000BF
:10B8700000000000000000000000000000000000C8
:10B8800000000000000000000000000000000000B8
:10B8900000000000000000000000000000000000A8
:10B8A0000000000000000000000000000000000098
:10B8B0000000000000000000000000000000000088
:10B8C0000000000000000000000000000000000078
:10B8D0000000000000000000000000000000000068
:10B8E00000000000AAAAAAAA0000000000000000B0
:10B8F0000000000000000000000000000000000048
:10B9000000000000000000009CB50008BCB5000865
:10B91000B4B50008C4B50008D4B50008CCB500081B
:10B92000A4B50008D8B50008ACB5000800000000B8
:10B93000000000000000000040B000080500080002
:0CB94000000000000000000000000000FB
:04000005080001D915
:00000001FF
